Keyword,Location,rating,Company,Job_title,Place,salary,post_date,Job_URLs,Job_description
 Software quality assurance tester ,United States,3.9,"General Dynamics Mission Systems, Inc",Integration and Test (I&T) Engineer,"Bloomington, MN",$143K - $150K (Employer est.),30d+,https://www.glassdoor.com/partner/jobListing.htm?pos=101&ao=1110586&s=58&guid=00000195fc4abfb4988d960da558ebc5&src=GD_JOB_AD&t=SR&vt=w&cs=1_5c86e17e&cb=1743694512461&jobListingId=1009588319602&cpc=6FC5BA77C9A4CD78&jrtk=5-yul1-0-1inu4lfvegmvt800-df757c2f201ab6fa---6NYlbfkN0B5xS56b1g7mvncPywWyZDp-BPUVgtUsCCxDsF8tAuebmLjvh_AZHLTvP3o0yRQr1dwCViXo351QigPqBy-TWKsXP-nP9OPsTWjh2gWKDS8VR9Kc83rTbO1laXLEsTtkKpxQiZb6FPwVvsamHTplWLDGTHkVJYUM0SU5skQAI8dC56ewdE06NdAx8QGIFpJ3MYP7TkxcoVRCujzS6sqaAgYt6YdG4YFqzNOkfyKjakfcXi9FwU_mOBq8v_OO2pzDPPmp0kZCDqQvpuemtqnkc-6zLN1GP9wPbAPxF2iWgsrpMbaMx4gQTGeXEicsmRBCfriuzWWPc8jkwmy8DgHUKmyl334GO8FEe1oJpDjcHy4KjVRVIHlVCsAzleEVYQMx8Mfl85GPsGpYDFRqjt2cYxvXxqqZ6XczDxm1wRTcGdpc9a9bBHkQFm3uOyhePuVbrxH-m41i-xMACgnoB8T7XX4Dqz7hWB2mBA5rUt7zoZ4QZuCDzlV6cRLFTVrcsX-DvhE_JmBozSTy3YkBfobO9_YBUkbd6mktA8SVNN53RdEmZf5JH0Mp8dUIrFpWkkPn29sKiOl8yHu18r3G4c5XxHP4KZy0JqCLnMpBj4Q1-LM268Eefuww-7dYpheL1OXYrHrqiargk2G8WhqJtzjyI4kk8-KHPkQuvW_Yf6tEE3rTZ8zF6xgHCveHSih15zSCh4KNnPO5L3yZY0GyDHipbfMxic-hX7CXfUFQjl9q1wuP1_cCy-WpNtlZr5RN7a3DTSrp_8lV7wsc__01kSPkD4fDyaDUKGWFZ0VLOtG0tHkoxyHi798snnZG3Zea_-QN-yPzKOSA92f7nCOTfIkuarlqma9I8xAhxwW1utupY7VJJHxK5ZjluWs9RXJ5bRYxmB9fkNHbbzN0M0Maydsfzrn5X4VUZpAvcCzOMqJH4PkGdM3Zdid1Fp1k9b1GxS1_ZcGAywA5rpmF4YwJW2xjaml,"Works well with other disciplines and engineering groups such as hardware and software design engineers for test design and resolving technical problems.&hellip;
      
        Skills: Schematics, Laboratory experience, Agile, Drafting, Communication skills
      
    "
 Software quality assurance tester ,United States,2.9,Gaming Laboratories International,Test Engineer I - CO,"Wheat Ridge, CO",$29.24 - $30.24 Per Hour (Employer est.),30d+,https://www.glassdoor.com/partner/jobListing.htm?pos=102&ao=1110586&s=58&guid=00000195fc4abfb4988d960da558ebc5&src=GD_JOB_AD&t=SR&vt=w&cs=1_ff40a454&cb=1743694512462&jobListingId=1009497075973&cpc=654405A9B1E0A9F5&jrtk=5-yul1-0-1inu4lfvegmvt800-19681f8310a7bd12---6NYlbfkN0AaAXTURrRqMqlW8CnmHWkqzz9SPW0-RHP7e3r-noey4Lw2iUW0_tG5j-AyWDs2TP_kWaXuDRUrYgSwQCwa40JvDs-t-_sHXuoNDtmJmcNbMlDXO1KI7sT6VG6xIyGNPzedE6sEMFna40qaXd5vXCpIKRETU1dYE8-erGtqfSEJGirLE_hKW92kdMVzdXUv9gFWTJsbOAyYXZgRyZFh5yQGh-6DvxHtlW7GbbCgADM6GfhoJ9kZDPxSM0wAlHbjR44HEZLblg2demJl1oASYCHI9kl1RotjkryseOpktNCjm-qjKmUWj7yEEV61iJ8Tsg8jCL5BSNJS4hwte1N6cwaUICWjurpr_Q8tfm-2zQC4qrbmpV9638r5fi_ZVfuPbvtIFpIQL5eu4qbr2OQSf2rEV_BEfBhLMpfqHUTpGeyOaYLY_7hGqi6YFFUA_G5UrS6Uulwb9TW2UwyJhOStLmRCKU0We24DItq6__NKr4Nw3frIbiv9nsSW69NQ4l43uT7ckye4RgZz6qQ7VDWDVx-vBqOR_7I8EOc0KpDEvZbol9lGntQqYBoICtJ1oXDH-N07z3p1r9cTAcg0IictMiAFP0DJuHSTDo9usQebH4W8pLPks3RbMF0WhbCjEK-5oBS87iRCI8jR0yRPtpeHe7FqUFbf-tVMl4XoUtYNu5pEpxpl7nQ2mawTInu3F83_smNsCqUpdmKTzsbNIXl_o_gumI9aqgVnUax2nB6XTLFc4j84HDd6ri1K7pJ9sxLoYiBOn3PfdVqmezILqImV15kVPNsdjsXtCc1E2GXDqN8JuQGJRT3DVT1fp1rwDoO1nHQ%3D,"Bachelor’s Degree or 4 years equivalent experience in engineering, science, math or other technical areas strongly preferred. Valid Driver’s License required.&hellip;
      
        Skills: Microsoft Word, Microsoft Excel, Writing skills, English, OOP
      
    "
 Software quality assurance tester ,United States,4.2,IDC,Junior Functional Tester only W2,"Sacramento, CA",$49K - $76K (Glassdoor est.),26d,https://www.glassdoor.com/partner/jobListing.htm?pos=103&ao=1136043&s=58&guid=00000195fc4abfb4988d960da558ebc5&src=GD_JOB_AD&t=SR&vt=w&ea=1&cs=1_a4fdcbff&cb=1743694512462&jobListingId=1009665272553&jrtk=5-yul1-0-1inu4lfvegmvt800-dca023706065a4b0,"Work with Oracle databases to design, develop, and optimize database test solutions. Design, develop, and maintain high-quality test plans and strategies for…&hellip;
      
        Skills: Oracle, Management, Java, AWS, APIs
      
    "
 Software quality assurance tester ,United States,3.9,Edwards Lifesciences,"Engr I, Software Quality - Failure Analysis","Naperville, IL",$67K - $96K (Employer est.),21d,https://www.glassdoor.com/partner/jobListing.htm?pos=104&ao=1136043&s=58&guid=00000195fc4abfb4988d960da558ebc5&src=GD_JOB_AD&t=SR&vt=w&cs=1_c656a1fd&cb=1743694512463&jobListingId=1009670539902&jrtk=5-yul1-0-1inu4lfvegmvt800-54a17b3113b21741,"Master's Degree or equivalent in Engineering or Scientific field no experience Required. Proficiency in software debugging, log analysis, and defect tracking…&hellip;
      
        Skills: Analysis skills, Agile, Communication skills, ISO 13485, Debugging
      
    "
 Software quality assurance tester ,United States,2.2,Outcomes Operating Inc,Quality Assurance Analyst I,"Dublin, OH",$54K - $74K (Glassdoor est.),16d,https://www.glassdoor.com/partner/jobListing.htm?pos=105&ao=1136043&s=58&guid=00000195fc4abfb4988d960da558ebc5&src=GD_JOB_AD&t=SR&vt=w&ea=1&cs=1_5371cf79&cb=1743694512462&jobListingId=1009676108758&jrtk=5-yul1-0-1inu4lfvegmvt800-e6dc84260d2d5a0b,"In this position, the Analyst I will play a key role in the software development life cycle by driving quality improvement and validating quality criteria.&hellip;
      
        Skills: Computer science, NoSQL, Selenium, Databases, SQL
      
    "
 Software quality assurance tester ,United States,3.6,"Five Rivers Cattle Feeding, LLC",Quality Assurance Analyst I,"Johnstown, CO",$65K - $90K (Employer est.),24h,https://www.glassdoor.com/partner/jobListing.htm?pos=106&ao=1136043&s=58&guid=00000195fc4abfb4988d960da558ebc5&src=GD_JOB_AD&t=SR&vt=w&ea=1&cs=1_97ab6add&cb=1743694512463&jobListingId=1009696005069&jrtk=5-yul1-0-1inu4lfvegmvt800-70621e0eb461b79c,"Bachelor’s degree in related field or equivalent work experience. Advanced knowledge of Microsoft Office tools (Word, Excel, PowerPoint, etc.…).&hellip;
      
        Skills: Microsoft Powerpoint, Microsoft Word, Microsoft Excel, Microsoft Office, SQL
      
    "
 Software quality assurance tester ,United States,3.4,Mission Veterinary Partners,Junior Quality Assurance Engineer,"Southfield, MI",$60K - $70K (Employer est.),30d+,https://www.glassdoor.com/partner/jobListing.htm?pos=107&ao=1136043&s=58&guid=00000195fc4abfb4988d960da558ebc5&src=GD_JOB_AD&t=SR&vt=w&cs=1_8c9d36fa&cb=1743694512463&jobListingId=1009652791789&jrtk=5-yul1-0-1inu4lfvegmvt800-fe5af7f14be7286d,"Bachelor's degree in Computer Science, Information Technology, or a related field with one year of experience in software testing. 401K plan with company match.&hellip;
      
        Skills: Computer science, Relational databases, Test automation, MongoDB, Databases
      
    "
 Software quality assurance tester ,United States,3.9,TD Bank,Quality Engineer I (US),"Mount Laurel, NJ",$28.25 - $42.50 Per Hour (Employer est.),24h,https://www.glassdoor.com/partner/jobListing.htm?pos=108&ao=1136043&s=58&guid=00000195fc4abfb4988d960da558ebc5&src=GD_JOB_AD&t=SR&vt=w&cs=1_b6cf2877&cb=1743694512463&jobListingId=1009696215813&jrtk=5-yul1-0-1inu4lfvegmvt800-f0c13900bc53b8ac,"Effectively leverages tools and engineering practices (DevOps tools and processes, source code management, Service Virtualization, monitoring tools, etc.).&hellip;
      
        Skills: CI/CD, Computer science, DevOps, Test-driven development, Data management
      
    "
 Software quality assurance tester ,United States,4.6,Probity Inc.,Tester 09-QA0925-1,"Chantilly, VA",,7d,https://www.glassdoor.com/partner/jobListing.htm?pos=109&ao=1136043&s=58&guid=00000195fc4abfb4988d960da558ebc5&src=GD_JOB_AD&t=SR&vt=w&cs=1_9829755d&cb=1743694512462&jobListingId=1009687741289&jrtk=5-yul1-0-1inu4lfvegmvt800-3f9a935e0b9ad52f,"Develops and implements quality control methodologies to ensure compliance with quality assurance standards, guidelines, and procedures in a large computer…&hellip;"
 Software quality assurance tester ,United States,3.8,DevCare Solutions,Junior Tester,"Raleigh, NC",$20.00 - $23.00 Per Hour (Employer est.),28d,https://www.glassdoor.com/partner/jobListing.htm?pos=110&ao=1136043&s=58&guid=00000195fc4abfb4988d960da558ebc5&src=GD_JOB_AD&t=SR&vt=w&ea=1&cs=1_d4eb73ed&cb=1743694512463&jobListingId=1009663199491&jrtk=5-yul1-0-1inu4lfvegmvt800-83aff8c8f47a186d,"Additionally, they’ll assist in analyzing business requirements to refine testing strategies and ensure alignment with user needs.&hellip;
      
        Skills: Web accessibility, Spark, Windows, Microsoft Office, SQL
      
    "
 Software quality assurance tester ,United States,3.4,Reynolds and Reynolds,Entry Level Software Quality Analyst,"Andover, MA",$55K (Employer est.),2d,https://www.glassdoor.com/partner/jobListing.htm?pos=111&ao=1136043&s=58&guid=00000195fc4abfb4988d960da558ebc5&src=GD_JOB_AD&t=SR&vt=w&ea=1&cs=1_0f23fb73&cb=1743694512465&jobListingId=1009691844092&jrtk=5-yul1-0-1inu4lfvegmvt800-e24264ab904691c7,"Work closely with new product design teams to identify and correct deviations from the product software specification.&hellip;
      
        Skills: Test-driven development, Analysis skills, Quality assurance, System testing, Software testing
      
    "
 Software quality assurance tester ,United States,3.4,Tandem Diabetes Care Inc.,Software Test Tools Engineer I,"San Diego, CA",$34.62 - $43.32 Per Hour (Employer est.),2d,https://www.glassdoor.com/partner/jobListing.htm?pos=112&ao=1136043&s=58&guid=00000195fc4abfb4988d960da558ebc5&src=GD_JOB_AD&t=SR&vt=w&ea=1&cs=1_55221d62&cb=1743694512464&jobListingId=1009692270836&jrtk=5-yul1-0-1inu4lfvegmvt800-abf1299f0c6f70c7,"An individual responsible for contributing to the design and development of test automation tools & infrastructure. Creating tooling unit and integration tests.&hellip;
      
        Skills: Jira, Microsoft Word, Cloud infrastructure, Microsoft Excel, Microsoft Outlook
      
    "
 Software quality assurance tester ,United States,,SoftTouch POS & Payments,Junior Manual and API QA Tester,"Deerfield Beach, FL",$55K - $75K (Employer est.),12d,https://www.glassdoor.com/partner/jobListing.htm?pos=113&ao=1136043&s=58&guid=00000195fc4abfb4988d960da558ebc5&src=GD_JOB_AD&t=SR&vt=w&ea=1&cs=1_91d96feb&cb=1743694512464&jobListingId=1009681657082&jrtk=5-yul1-0-1inu4lfvegmvt800-b48721d41d158ef3,"Solid understanding of Agile testing methodologies, tools, and processes. Experience in mobile testing methodologies and tools.&hellip;
      
        Skills: Jira, DevOps, Mobile applications, LoadRunner, REST
      
    "
 Software quality assurance tester ,United States,3.4,HL Mando America Corp,Quality Assurance Engineer I,"Novi, MI",$68K - $92K (Glassdoor est.),30d+,https://www.glassdoor.com/partner/jobListing.htm?pos=114&ao=1136043&s=58&guid=00000195fc4abfb4988d960da558ebc5&src=GD_JOB_AD&t=SR&vt=w&cs=1_f3cda4dd&cb=1743694512463&jobListingId=1009653847952&jrtk=5-yul1-0-1inu4lfvegmvt800-af1400601e0f9860,"Bachelor’s degree in engineering, or related field. Performing warranty parts investigations with suppliers, G1 plant members, and engineering teams…&hellip;
      
        Skills: Jira, Microsoft Powerpoint, Microsoft Excel, Analysis skills, Communication skills
      
    "
 Software quality assurance tester ,United States,3.0,Click Bond Inc,Quality Assurance Test Technician I - 1st Shift,"Carson City, NV",,30d+,https://www.glassdoor.com/partner/jobListing.htm?pos=115&ao=1136043&s=58&guid=00000195fc4abfb4988d960da558ebc5&src=GD_JOB_AD&t=SR&vt=w&cs=1_ca3c6249&cb=1743694512463&jobListingId=1009535611081&jrtk=5-yul1-0-1inu4lfvegmvt800-45e4ace53d0ce5ea,"Click Bond complies with federal and state disability laws. Follows written and verbal instructions, responds to management direction; takes responsibility for…&hellip;
      
        Skills: Microsoft Word, Microsoft Excel, Microsoft Outlook, Calipers, MRP
      
    "
 Software quality assurance tester ,United States,,MobileAppsUS,Entry Level QA Automation Tester,New Jersey,$35.00 - $37.50 Per Hour (Employer est.),2d,https://www.glassdoor.com/partner/jobListing.htm?pos=116&ao=1136043&s=58&guid=00000195fc4abfb4988d960da558ebc5&src=GD_JOB_AD&t=SR&vt=w&ea=1&cs=1_2dcb7505&cb=1743694512466&jobListingId=1009691441939&jrtk=5-yul1-0-1inu4lfvegmvt800-aa397ab9ce101e67,"We are looking for a highly skilled Software Development Engineer in Test (SDET) to work with our development teams to design, develop, and execute automated…&hellip;
      
        Skills: Computer science, TestNG, JUnit, LoadRunner, Test automation
      
    "
 Software quality assurance tester ,United States,4.0,BOLD LLC,Quality Assurance Analyst I (Portuguese),Puerto Rico,,30d+,https://www.glassdoor.com/partner/jobListing.htm?pos=117&ao=1136043&s=58&guid=00000195fc4abfb4988d960da558ebc5&src=GD_JOB_AD&t=SR&vt=w&cs=1_0862a153&cb=1743694512465&jobListingId=1009556374049&jrtk=5-yul1-0-1inu4lfvegmvt800-5e2b2e9465cc4aa2,"The Customer Care & Quality Assurance Team monitors calls, chats and email interactions in different languages to measure technical accuracy, customer service…&hellip;
      
        Skills: Microsoft Powerpoint, Microsoft Word, Google Suite, Microsoft Excel, Call center
      
    "
 Software quality assurance tester ,United States,3.2,TikTok,E&I Quality Assurance Analyst - Trust and Safety - Austin,"Austin, TX",$63K - $108K (Glassdoor est.),17d,https://www.glassdoor.com/partner/jobListing.htm?pos=118&ao=1136043&s=58&guid=00000195fc4abfb4988d960da558ebc5&src=GD_JOB_AD&t=SR&vt=w&cs=1_d618b195&cb=1743694512464&jobListingId=1009675327368&jrtk=5-yul1-0-1inu4lfvegmvt800-1e800c0f3f77d587,"Proficiency with data analysis tools; The English skill set will help you to evaluate quality cases from the US Market bringing local culture through case…&hellip;
      
        Skills: Social media management, Data analysis skills, English, AI
      
    "
 Software quality assurance tester ,United States,3.6,GCI,Quality Assurance Analyst I,"Anchorage, AK",$64K - $89K (Glassdoor est.),30d+,https://www.glassdoor.com/partner/jobListing.htm?pos=119&ao=1136043&s=58&guid=00000195fc4abfb4988d960da558ebc5&src=GD_JOB_AD&t=SR&vt=w&cs=1_03b869bf&cb=1743694512465&jobListingId=1009336023374&jrtk=5-yul1-0-1inu4lfvegmvt800-36dbec5f33a643f3,"Experience testing: Website development, User Experience (UX) Design, Mobile Apps, Telecom software and systems, financial systems, engineering systems and…&hellip;
      
        Skills: Jira, FTP, SAFe, Microsoft Excel, Web analytics
      
    "
 Software quality assurance tester ,United States,3.9,Center For Health Information And Analysis,Quality Assurance Analyst I,"Boston, MA",$70K - $90K (Employer est.),30d+,https://www.glassdoor.com/partner/jobListing.htm?pos=120&ao=1136043&s=58&guid=00000195fc4abfb4988d960da558ebc5&src=GD_JOB_AD&t=SR&vt=w&ea=1&cs=1_9796e75a&cb=1743694512464&jobListingId=1009639701099&jrtk=5-yul1-0-1inu4lfvegmvt800-8e894c7557c589f8,"Perform troubleshooting to assist in identification of resolutions to both technical and non-technical problems.&hellip;
      
        Skills: Microsoft Excel, Software troubleshooting, DevOps, SQL, Analysis skills
      
    "
 Software quality assurance tester ,United States,4.3,Brotherhood Mutual Insurance Company,Quality Assurance Analyst I,"Fort Wayne, IN",,27d,https://www.glassdoor.com/partner/jobListing.htm?pos=121&ao=1136043&s=58&guid=00000195fc4abfb4988d960da558ebc5&src=GD_JOB_AD&t=SR&vt=w&cs=1_8ac2fc68&cb=1743694512464&jobListingId=1009663545400&jrtk=5-yul1-0-1inu4lfvegmvt800-4b47f83de9e02eaa,"Utilize tools and procedures to monitor and supplement testing (manual and automated). Perform manual testing including exploratory, functional, non-functional,…&hellip;
      
        Skills: Kanban, Writing skills, SQL, Scrum, Software testing
      
    "
 Software quality assurance tester ,United States,3.9,New York State Technology Enterprise Cor,Consultant - Junior Accessibility Analyst Tester,"Albany, NY",$60K - $83K (Employer est.),30d,https://www.glassdoor.com/partner/jobListing.htm?pos=122&ao=1136043&s=58&guid=00000195fc4abfb4988d960da558ebc5&src=GD_JOB_AD&t=SR&vt=w&cs=1_f49b639b&cb=1743694512464&jobListingId=1009658943288&jrtk=5-yul1-0-1inu4lfvegmvt800-bfe8c4614004428d,"The junior accessibility analyst/tester will work under the direction of the accessibility team lead and collaborate with state agencies, developers, and…&hellip;
      
        Skills: Web accessibility, JAWS, VoiceOver, NVDA
      
    "
 Software quality assurance tester ,United States,3.2,State of New Mexico,IT Quality Assurance Analyst I (HCA/ITD #10110862),"Santa Fe, NM",$29.66 - $47.46 Per Hour (Employer est.),20d,https://www.glassdoor.com/partner/jobListing.htm?pos=123&ao=1136043&s=58&guid=00000195fc4abfb4988d960da558ebc5&src=GD_JOB_AD&t=SR&vt=w&cs=1_04459813&cb=1743694512465&jobListingId=1009672951449&jrtk=5-yul1-0-1inu4lfvegmvt800-1a4dfc21701a5323,"Any combination of education from an accredited college or university in a related field and/or direct experience in this occupation totaling four (4) years may…&hellip;
      
        Skills: Business analysis, Quality assurance, Test cases
      
    "
 Software quality assurance tester ,United States,3.4,Excelitas Technologies,Software Development & Test Engineer I,"Billerica, MA",,24h,https://www.glassdoor.com/partner/jobListing.htm?pos=124&ao=1136043&s=58&guid=00000195fc4abfb4988d960da558ebc5&src=GD_JOB_AD&t=SR&vt=w&cs=1_4570d13d&cb=1743694512465&jobListingId=1009694553478&jrtk=5-yul1-0-1inu4lfvegmvt800-baa666df1f3d7c93,"Work closely with interdisciplinary design team to develop and execute verification testing procedures for new products and product re-verification;&hellip;
      
        Skills: Jira, LabView, MATLAB, Visual Basic, C#
      
    "
 Software quality assurance tester ,United States,4.1,Apple,Software Development Engineer in Test - CoreDisplay I/O Quality Engineering,"Cupertino, CA",$143K - $264K (Employer est.),11d,https://www.glassdoor.com/partner/jobListing.htm?pos=125&ao=1136043&s=58&guid=00000195fc4abfb4988d960da558ebc5&src=GD_JOB_AD&t=SR&vt=w&cs=1_37f2c0ae&cb=1743694512466&jobListingId=1009682516927&jrtk=5-yul1-0-1inu4lfvegmvt800-4e3bbd44e43aa34b,"As a Software Developer in Test on the CoreDisplay I/O Quality Engineering team you will design, develop, and own automated tests, including test environment…&hellip;
      
        Skills: CI/CD, Computer science, DevOps, Test automation, C
      
    "
 Software quality assurance tester ,United States,4.0,Tinker Federal Credit Union,"Information Technology Quality Assurance Analyst I, II, III","Oklahoma City, OK",$29.22 - $44.36 Per Hour (Employer est.),2d,https://www.glassdoor.com/partner/jobListing.htm?pos=126&ao=1136043&s=58&guid=00000195fc4abfb4988d960da558ebc5&src=GD_JOB_AD&t=SR&vt=w&cs=1_7466d697&cb=1743694512465&jobListingId=1009692825553&jrtk=5-yul1-0-1inu4lfvegmvt800-777972be4d6ecbee,"A bachelor’s degree in business, finance, technology or related field for Level III is required. An associate degree in business, finance, technology, or…&hellip;
      
        Skills: Military, Research, Analysis skills, Quality assurance, Organizational skills
      
    "
 Software quality assurance tester ,United States,3.9,Cox Automotive,Software Test Engineer I,"Atlanta, GA",$66K - $98K (Employer est.),19d,https://www.glassdoor.com/partner/jobListing.htm?pos=127&ao=1136043&s=58&guid=00000195fc4abfb4988d960da558ebc5&src=GD_JOB_AD&t=SR&vt=w&cs=1_ca65cf95&cb=1743694512465&jobListingId=1009674238255&jrtk=5-yul1-0-1inu4lfvegmvt800-d8c2dd7f4a9e75d0,"Foundational skills in requirements analysis, software installation and support, system and technology integration, technical troubleshooting and technology…&hellip;
      
        Skills: CI/CD, Software troubleshooting, Selenium, Analysis skills, Requirements analysis
      
    "
 Software quality assurance tester ,United States,4.1,Wescom Credit Union,Software Implementation Analyst I (Hybrid),"Anaheim Hills, CA",$72K - $105K (Employer est.),15d,https://www.glassdoor.com/partner/jobListing.htm?pos=128&ao=1136043&s=58&guid=00000195fc4abfb4988d960da558ebc5&src=GD_JOB_AD&t=SR&vt=w&cs=1_5b77fd75&cb=1743694512466&jobListingId=1009677863829&jrtk=5-yul1-0-1inu4lfvegmvt800-d23c9d0d27a058dd,"Assist the project team and clients in the technical preparations for new installations and provide basic hands-on training to the client’s technical users to…&hellip;
      
        Skills: Microsoft Word, Computer science, Microsoft Excel, Microsoft Outlook, Software troubleshooting
      
    "
 Software quality assurance tester ,United States,4.2,IDC,Junior Integrated Eligibility Tester only W2,"Orlando, FL",,30d+,https://www.glassdoor.com/partner/jobListing.htm?pos=129&ao=1136043&s=58&guid=00000195fc4abfb4988d960da558ebc5&src=GD_JOB_AD&t=SR&vt=w&ea=1&cs=1_400bbc70&cb=1743694512465&jobListingId=1009603193084&jrtk=5-yul1-0-1inu4lfvegmvt800-8b3219115e950b98,"Utilize automation tools and frameworks (e.g., Selenium, JUnit, TestNG) to automate testing processes. Expertise in Bug Reporting & Tracking Process, Bug…&hellip;
      
        Skills: TestNG, JUnit, Selenium, Functional testing, SQL
      
    "
 Software quality assurance tester ,United States,3.4,Reynolds and Reynolds,Entry Level Software Quality Specialist,"Dayton, OH",$65K - $88K (Glassdoor est.),30d+,https://www.glassdoor.com/partner/jobListing.htm?pos=130&ao=1136043&s=58&guid=00000195fc4abfb4988d960da558ebc5&src=GD_JOB_AD&t=SR&vt=w&ea=1&cs=1_b23fc756&cb=1743694512466&jobListingId=1009645744783&jrtk=5-yul1-0-1inu4lfvegmvt800-c10bb65523bbdfcd,"Work closely with new product design teams to identify and correct deviations from the product software specification.&hellip;
      
        Skills: Software testing, Communication skills
      
    "
 Software quality assurance tester ,United States,4.1,Apple,Software Development Engineer in Test - CoreDisplay I/O Quality Engineering,"Cupertino, CA",$122K - $215K (Employer est.),19d,https://www.glassdoor.com/partner/jobListing.htm?pos=301&ao=1136043&s=58&guid=00000195fc4b62148035277e671a69d1&src=GD_JOB_AD&t=SR&vt=w&cs=1_0f72ab0c&cb=1743694554041&jobListingId=1009674242939&jrtk=5-yul1-0-1inu4mojfgb2a800-057102da400ffe48,"As a Software Developer in Test on the CoreDisplay I/O Quality Engineering team you will design, develop, and own automated tests, including test environment…&hellip;
      
        Skills: CI/CD, Computer science, DevOps, C, Scripting
      
    "
 Software quality assurance tester ,United States,,LMG Technology Services LLC,QA Engineer Automated 1 (TDI33138),"Austin, TX",,2d,https://www.glassdoor.com/partner/jobListing.htm?pos=302&ao=1136043&s=58&guid=00000195fc4b62148035277e671a69d1&src=GD_JOB_AD&t=SR&vt=w&cs=1_0186b199&cb=1743694554041&jobListingId=1009693110427&jrtk=5-yul1-0-1inu4mojfgb2a800-ed797e761caef256,"Experience filing bug reports and verifying bug fixes. Demonstrated experience creating and modifying test automation frameworks using the following tools: Java…&hellip;
      
        Skills: Oracle, JUnit, Test automation, Filing, Selenium
      
    "
 Software quality assurance tester ,United States,,Ampersand Solutions Group,Junior Software Test Analyst - DoD Clearance Required,"Huntsville, AL",$65K - $101K (Glassdoor est.),30d+,https://www.glassdoor.com/partner/jobListing.htm?pos=303&ao=1136043&s=58&guid=00000195fc4b62148035277e671a69d1&src=GD_JOB_AD&t=SR&vt=w&ea=1&cs=1_4e5b5b86&cb=1743694554041&jobListingId=1008985289754&jrtk=5-yul1-0-1inu4mojfgb2a800-4d806049daffc337,"MS in related technical field. Provides expertise and support in radar algorithm development, object-oriented (OO) programming concepts, experience peer…&hellip;
      
        Skills: OOP, Analysis skills, C++, C, Perl
      
    "
 Software quality assurance tester ,United States,,Agiletal,Entry Level to Senior Level QA Analysts,"Herndon, VA",,30d+,https://www.glassdoor.com/partner/jobListing.htm?pos=304&ao=1136043&s=58&guid=00000195fc4b62148035277e671a69d1&src=GD_JOB_AD&t=SR&vt=w&cs=1_320ebe01&cb=1743694554041&jobListingId=1006641790037&jrtk=5-yul1-0-1inu4mojfgb2a800-aba8eb4a31906567,"May require travelling for setting up varioussystems at various client sites across the nation, and perform feasibility studies.&hellip;
      
        Skills: XML, DB2, LoadRunner, Struts, J2EE
      
    "
 Software quality assurance tester ,United States,,I20 Technologies,Jr LTE tester,"San Jose, CA",$40.00 Per Hour (Employer est.),30d+,https://www.glassdoor.com/partner/jobListing.htm?pos=305&ao=1136043&s=58&guid=00000195fc4b62148035277e671a69d1&src=GD_JOB_AD&t=SR&vt=w&ea=1&cs=1_5c770770&cb=1743694554042&jobListingId=1009635725256&jrtk=5-yul1-0-1inu4mojfgb2a800-c526500620d40ce0,"Willing to learn new technologies. Looking for 3 - 5 years of experience. Understanding of Agile Methodology and of Release Cycles. Expected hours: 40 per week.&hellip;
      
        Skills: Telephony, 5G, Computer networking, Regression analysis, Agile
      
    "
 Software quality assurance tester ,United States,4.2,Select Source International,QA Technician I_PR,"Barceloneta, PR",$29K - $39K (Glassdoor est.),14d,https://www.glassdoor.com/partner/jobListing.htm?pos=306&ao=1136043&s=58&guid=00000195fc4b62148035277e671a69d1&src=GD_JOB_AD&t=SR&vt=w&cs=1_59a39a24&cb=1743694554041&jobListingId=1009679090691&jrtk=5-yul1-0-1inu4mojfgb2a800-6576715689afc5fa,"Duration: 6+ Months contract (Could be extended). Previous experience in medical device industry is preferred. Availability to work 1st, 2nd and 3rd shift.&hellip;
      
        Skills: Spanish, English
      
    "
 Software quality assurance tester ,United States,5.0,Cadence Innovations Group,JR QA AUTOMATION ENGINEER,"South Jordan, UT",$59K - $89K (Glassdoor est.),7d,https://www.glassdoor.com/partner/jobListing.htm?pos=307&ao=1136043&s=58&guid=00000195fc4b62148035277e671a69d1&src=GD_JOB_AD&t=SR&vt=w&cs=1_9719a38d&cb=1743694554042&jobListingId=1009687119745&jrtk=5-yul1-0-1inu4mojfgb2a800-9129cdea5068c5f7,"A state-of-the-art office building with outstanding features and amenities, including free onsite fitness center, basketball court, game room with bowling alley…&hellip;
      
        Skills: Jira, CI/CD, DevOps, Mobile applications, Selenium
      
    "
 Software quality assurance tester ,United States,3.9,Safran Passenger Innovations,Test Engineer I,"Laramie, WY",$65K - $76K (Glassdoor est.),30d+,https://www.glassdoor.com/partner/jobListing.htm?pos=308&ao=1136043&s=58&guid=00000195fc4b62148035277e671a69d1&src=GD_JOB_AD&t=SR&vt=w&ea=1&cs=1_78ff0649&cb=1743694554042&jobListingId=1009645990340&jrtk=5-yul1-0-1inu4mojfgb2a800-b5d911981521d5d0,"Bachelor’s degree in Computer Science, Engineering, or a related field, or equivalent experience. Eagerness to learn new technologies, tools, and processes…&hellip;
      
        Skills: Computer science, Management, Selenium, Analysis skills, JavaScript
      
    "
 Software quality assurance tester ,United States,4.7,TulaCo,Junior Manual QA - HH Global,"Santa Monica, CA",$89K - $165K (Glassdoor est.),9d,https://www.glassdoor.com/partner/jobListing.htm?pos=309&ao=1136043&s=58&guid=00000195fc4b62148035277e671a69d1&src=GD_JOB_AD&t=SR&vt=w&cs=1_1735a402&cb=1743694554043&jobListingId=1009683734883&jrtk=5-yul1-0-1inu4mojfgb2a800-bd13efec514c598b,"Review requirements, specifications, and technical design documents to provide timely and meaningful feedback. Providing assessments for testing activities.&hellip;
      
        Skills: Microsoft SQL Server, English, SQL, Analysis skills, Quality assurance
      
    "
 Software quality assurance tester ,United States,3.2,Ultra Electronics,Quality Assurance Engineer 1,"Round Rock, TX",$64K - $88K (Glassdoor est.),30d+,https://www.glassdoor.com/partner/jobListing.htm?pos=310&ao=1136043&s=58&guid=00000195fc4b62148035277e671a69d1&src=GD_JOB_AD&t=SR&vt=w&cs=1_98b5da82&cb=1743694554043&jobListingId=1009624990098&jrtk=5-yul1-0-1inu4mojfgb2a800-9625cc40d52519cc,"Have basic knowledge of reliability, maintainability, and risk management, including key terms and definitions, modeling, systems design, assessment tools, and…&hellip;
      
        Skills: Microsoft Word, Microsoft Excel, Microsoft Outlook, Management, System design
      
    "
 Software quality assurance tester ,United States,4.0,"21st Century Software Technologies, Inc.",QA Analyst I,"Morehead City, NC",$56K - $74K (Glassdoor est.),30d+,https://www.glassdoor.com/partner/jobListing.htm?pos=311&ao=1136043&s=58&guid=00000195fc4b62148035277e671a69d1&src=GD_JOB_AD&t=SR&vt=w&ea=1&cs=1_067a9902&cb=1743694554043&jobListingId=1009564102950&jrtk=5-yul1-0-1inu4mojfgb2a800-fa1f53c2b66a4674,"We are looking for a skilled QA analyst to design and execute software testing strategies to fully test mainframe and Eclipse software products to ensure they…&hellip;
      
        Skills: Software troubleshooting, Customer service, Analysis skills, Mainframe development, Software testing
      
    "
 Software quality assurance tester ,United States,,Realign LLC,QA Engineer - Visa independent - W2-1,"Omaha, NE",$59K - $103K (Glassdoor est.),14d,https://www.glassdoor.com/partner/jobListing.htm?pos=312&ao=1136043&s=58&guid=00000195fc4b62148035277e671a69d1&src=GD_JOB_AD&t=SR&vt=w&cs=1_4c2f05bd&cb=1743694554043&jobListingId=1009678806527&jrtk=5-yul1-0-1inu4mojfgb2a800-f4cc9e0318238134,"Bachelor's degree in Computer Science, Engineering, or related field. Experience with automated testing tools such as Selenium or JUnit.&hellip;
      
        Skills: Computer science, JUnit, Writing skills, Test automation, Selenium
      
    "
 Software quality assurance tester ,United States,3.7,Jabil Circuit,CVG100 Conversions - Tester I,"Florence, KY",$35K - $59K (Glassdoor est.),30d+,https://www.glassdoor.com/partner/jobListing.htm?pos=313&ao=1136043&s=58&guid=00000195fc4b62148035277e671a69d1&src=GD_JOB_AD&t=SR&vt=w&cs=1_1587a8fd&cb=1743694554043&jobListingId=1009327855977&jrtk=5-yul1-0-1inu4mojfgb2a800-7f8e8751402458c0,"Responsible for maintaining a continuous flow of the manufacturing line and meeting production goals while performing the assigned test duties.&hellip;
      
        Skills: Load & unload
      
    "
 Software quality assurance tester ,United States,,Silverthorne Advisory Group LLC,Robotic Process Automation (RPA) Analyst - Junior,"Scott Air Force Base, IL",,30d+,https://www.glassdoor.com/partner/jobListing.htm?pos=314&ao=1136043&s=58&guid=00000195fc4b62148035277e671a69d1&src=GD_JOB_AD&t=SR&vt=w&ea=1&cs=1_b978ac68&cb=1743694554044&jobListingId=1009638835941&jrtk=5-yul1-0-1inu4mojfgb2a800-ebf0fedcf8e42a75,"Draft corresponding technical documentation to support recently-implemented automated. Formulate, design, and recommend new business processes to promote…&hellip;"
 Software quality assurance tester ,United States,3.6,Akima,"Test Engineer, Level I",United States,,30d+,https://www.glassdoor.com/partner/jobListing.htm?pos=315&ao=1136043&s=58&guid=00000195fc4b62148035277e671a69d1&src=GD_JOB_AD&t=SR&vt=w&cs=1_3a93ef1c&cb=1743694554044&jobListingId=1009411642339&jrtk=5-yul1-0-1inu4mojfgb2a800-cc587b938065ae5c,"They assist in the development of project functional acceptance criteria (FAC) documents, develop test documents, perform preoperational testing on newly…&hellip;"
 Software quality assurance tester ,United States,,Capitaltechsolutions Inc,"3+ Years Junior QA Consultant - Atlanta, GA (Hybrid)","Atlanta, GA",$35.00 - $40.00 Per Hour (Employer est.),30d+,https://www.glassdoor.com/partner/jobListing.htm?pos=316&ao=1136043&s=58&guid=00000195fc4b62148035277e671a69d1&src=GD_JOB_AD&t=SR&vt=w&ea=1&cs=1_4b69f16f&cb=1743694554044&jobListingId=1009589720705&jrtk=5-yul1-0-1inu4mojfgb2a800-abc6b425d48dd582,"Work closely and collaboratively with business partners, PMO and Vendor technical delivery teams to understand business requirements.&hellip;
      
        Skills: Jira, Software development, GitHub, ServiceNow, Software testing
      
    "
 Software quality assurance tester ,United States,4.0,Leonardo DRS,Quality Engineer I - Software Configuration Management,"Bridgeton, MO",$58K - $84K (Employer est.),30d+,https://www.glassdoor.com/partner/jobListing.htm?pos=317&ao=1136043&s=58&guid=00000195fc4b62148035277e671a69d1&src=GD_JOB_AD&t=SR&vt=w&cs=1_bff19129&cb=1743694554044&jobListingId=1009594247006&jrtk=5-yul1-0-1inu4mojfgb2a800-db49d3fa3fe08130,"Bachelor’s degree in Engineering or related technical field. Review and approve engineering/test and contractor documentation and provide input to assure that…&hellip;
      
        Skills: Statistics, Military, Writing skills, Java, Six Sigma
      
    "
 Software quality assurance tester ,United States,3.0,Integra LifeSciences,Operator 1 Tip Tester,"Cincinnati, OH",,30d+,https://www.glassdoor.com/partner/jobListing.htm?pos=318&ao=1136043&s=58&guid=00000195fc4b62148035277e671a69d1&src=GD_JOB_AD&t=SR&vt=w&cs=1_8556bdf8&cb=1743694554045&jobListingId=1009642094160&jrtk=5-yul1-0-1inu4mojfgb2a800-871af75c1f3d57dc,"Ensures completion of tasks as directed by SOPs, routers, prints, work instructions, and manufacturing schedules. Must be able to read and write in English.&hellip;
      
        Skills: Microsoft Excel, Oracle, Word processing, ERP systems, English
      
    "
 Software quality assurance tester ,United States,5.0,Root//Source,Software Test Engineer I,United States,$125K - $200K (Employer est.),30d+,https://www.glassdoor.com/partner/jobListing.htm?pos=319&ao=1136043&s=58&guid=00000195fc4b62148035277e671a69d1&src=GD_JOB_AD&t=SR&vt=w&ea=1&cs=1_087b3f01&cb=1743694554045&jobListingId=1009613649853&jrtk=5-yul1-0-1inu4mojfgb2a800-54657512bf12e235,"Ability to develop, build, and test multiple lab environments using various telephony and networking hardware following formal testing methods.&hellip;
      
        Skills: System testing, Continuous integration, Splunk, Agile, Linux
      
    "
 Software quality assurance tester ,United States,,JY Systems LLC,Test Engineer Level 1-3,"Fort Meade, MD",,30d+,https://www.glassdoor.com/partner/jobListing.htm?pos=320&ao=1136043&s=58&guid=00000195fc4b62148035277e671a69d1&src=GD_JOB_AD&t=SR&vt=w&ea=1&cs=1_25a27123&cb=1743694554044&jobListingId=1009177427483&jrtk=5-yul1-0-1inu4mojfgb2a800-ce2e6d9cd4ea4b28,"Select, develop, & use analysis tools. Analyzes system requirements and concept of operations documents, acquisition plans, and system descriptions to develop…&hellip;
      
        Skills: Research
      
    "
 Software quality assurance tester ,United States,3.6,Kawasaki Robotics USA Inc,SJ Robotics Test & Reliability Engineer I,"San Jose, CA",$78K - $92K (Employer est.),30d+,https://www.glassdoor.com/partner/jobListing.htm?pos=321&ao=1136043&s=58&guid=00000195fc4b62148035277e671a69d1&src=GD_JOB_AD&t=SR&vt=w&ea=1&cs=1_9b9933d9&cb=1743694554045&jobListingId=1009655864235&jrtk=5-yul1-0-1inu4mojfgb2a800-f6d58f409c4a1d21,"Performs firmware regression testing, identifies technical issues, and works with software engineering to resolve. Solidworks/AutoCAD/Pro-E/NX.&hellip;
      
        Skills: AutoCAD, MATLAB, Pro/ENGINEER, Laboratory experience, C++
      
    "
 Software quality assurance tester ,United States,,Realign LLC,Performance Test Architect - Utilities Domain-1,"Charlotte, NC",$113K - $164K (Glassdoor est.),30d+,https://www.glassdoor.com/partner/jobListing.htm?pos=322&ao=1136043&s=58&guid=00000195fc4b62148035277e671a69d1&src=GD_JOB_AD&t=SR&vt=w&cs=1_6819d810&cb=1743694554046&jobListingId=1009633155009&jrtk=5-yul1-0-1inu4mojfgb2a800-2a1c0832d9e11319,"Experience in Performance Testing of ADMS, SCADA, DMS, IVR, outage calls and restoration. Excellent Client liaison skills for leading and driving the…&hellip;
      
        Skills: Management, LoadRunner, System architecture, Performance testing, Java
      
    "
 Software quality assurance tester ,United States,3.8,Leidos,Test Engineer Junior,Virginia,$58K - $105K (Employer est.),22d,https://www.glassdoor.com/partner/jobListing.htm?pos=323&ao=1136043&s=58&guid=00000195fc4b62148035277e671a69d1&src=GD_JOB_AD&t=SR&vt=w&cs=1_e2321b75&cb=1743694554045&jobListingId=1009670400233&jrtk=5-yul1-0-1inu4mojfgb2a800-e419063ab226cb01,"Assesses system and software level requirement specifications, software design, interface design, test, and other development related documentation as needed.&hellip;
      
        Skills: DoD experience
      
    "
 Software quality assurance tester ,United States,3.2,Aechelon Technology,Runtime QA Tester I,"South San Francisco, CA",$80K - $95K (Employer est.),30d+,https://www.glassdoor.com/partner/jobListing.htm?pos=324&ao=1136043&s=58&guid=00000195fc4b62148035277e671a69d1&src=GD_JOB_AD&t=SR&vt=w&ea=1&cs=1_e937c02e&cb=1743694554045&jobListingId=1009614618452&jrtk=5-yul1-0-1inu4mojfgb2a800-df1dce359dd57249,"At least 2 years experience with testing 3D graphics applications and/or content creation tools. Good eye that can notice both technical and aesthetic problems…&hellip;
      
        Skills: Jira, Computer science, Visual Studio, C++, Project management
      
    "
 Software quality assurance tester ,United States,4.3,LeverX Group,QA AUTOMATION ENGINEER (JUNIOR/MIDDLE),Georgia,,13d,https://www.glassdoor.com/partner/jobListing.htm?pos=325&ao=1136043&s=58&guid=00000195fc4b62148035277e671a69d1&src=GD_JOB_AD&t=SR&vt=w&cs=1_7433ae33&cb=1743694554045&jobListingId=1009681288948&jrtk=5-yul1-0-1inu4mojfgb2a800-68372b506346dc74,"Understanding of Agile methodologies and software testing principles, including test planning, test design, and defect management.&hellip;
      
        Skills: Jira, CI/CD, Management, Kubernetes, C#
      
    "
 Software quality assurance tester ,United States,3.6,State of Louisiana,"Business/Project/QA Analyst (IT Statewide Analyst 1, 2, or 3, PMO 50473153)","Baton Rouge, LA",$118K (Employer est.),30d+,https://www.glassdoor.com/partner/jobListing.htm?pos=326&ao=1136043&s=58&guid=00000195fc4b62148035277e671a69d1&src=GD_JOB_AD&t=SR&vt=w&cs=1_6b69227f&cb=1743694554046&jobListingId=1009651890163&jrtk=5-yul1-0-1inu4mojfgb2a800-f86fa7052a14633d,"A bachelor’s degree with twenty-four semester hours in an information technology, computer science, engineering, mathematics, or business analytics field plus…&hellip;
      
        Skills: Business analysis, Administrative experience, Analysis skills, Project management, IT
      
    "
 Software quality assurance tester ,United States,3.4,Blue Canyon Technologies,Test Engineer I,"Lafayette, CO",$70K - $110K (Employer est.),30d+,https://www.glassdoor.com/partner/jobListing.htm?pos=327&ao=1136043&s=58&guid=00000195fc4b62148035277e671a69d1&src=GD_JOB_AD&t=SR&vt=w&ea=1&cs=1_17468d17&cb=1743694554046&jobListingId=1009633871053&jrtk=5-yul1-0-1inu4mojfgb2a800-89770a3aaa3b3f62,"This role uses standard office equipment such as computers, phones, photocopiers, scanners, filing cabinets and fax machines. Bachelor’s degree in engineering.&hellip;
      
        Skills: MATLAB, Writing skills, Embedded software, Ruby, Integration testing
      
    "
 Software quality assurance tester ,United States,3.7,Raytheon,Test and Validation Engineer I (clearance required),"Sterling, VA",$100K - $130K (Glassdoor est.),30d+,https://www.glassdoor.com/partner/jobListing.htm?pos=328&ao=1136043&s=58&guid=00000195fc4b62148035277e671a69d1&src=GD_JOB_AD&t=SR&vt=w&cs=1_7720e342&cb=1743694554045&jobListingId=1009615269577&jrtk=5-yul1-0-1inu4mojfgb2a800-4e1b9e5b7fd77dcd,"The candidate will develop test procedures and use available resources to track and report status to management. Basic experience with test equipment.&hellip;
      
        Skills: Vulnerability research, Microsoft Office, Analysis skills, Computer networking
      
    "
 Software quality assurance tester ,United States,2.9,MedImpact Healthcare Systems,Testing & Validation Analyst-1,"San Diego, CA",$53K - $86K (Employer est.),30d+,https://www.glassdoor.com/partner/jobListing.htm?pos=329&ao=1136043&s=58&guid=00000195fc4b62148035277e671a69d1&src=GD_JOB_AD&t=SR&vt=w&cs=1_bd71baf0&cb=1743694554045&jobListingId=1009642982158&jrtk=5-yul1-0-1inu4mojfgb2a800-f6a0cd849dfdc792,"This is achieved through up-front clarification of specifications, design reviews, validation audits of existing configurations, development of best practice…&hellip;
      
        Skills: Customer service, Analysis skills, Unit testing, Communication skills
      
    "
 Software quality assurance tester ,United States,3.8,Commerce Bank,Testing Architect I,"Kansas City, MO",$103K - $121K (Employer est.),30d+,https://www.glassdoor.com/partner/jobListing.htm?pos=330&ao=1136043&s=58&guid=00000195fc4b62148035277e671a69d1&src=GD_JOB_AD&t=SR&vt=w&cs=1_33fccc1c&cb=1743694554046&jobListingId=1009569744129&jrtk=5-yul1-0-1inu4mojfgb2a800-3c78774310f2e71d,"Knowledge of CI/CD tools like Jenkins, GitLab, or Azure devops tools. Design and maintain scalable testing frameworks and tools to support continuous…&hellip;
      
        Skills: Bilingual, Microsoft Word, CI/CD, Computer science, TestNG
      
    "
 Software quality assurance tester ,United States,4.3,LeverX Group,JUNIOR/MIDDLE QA ENGINEER,Georgia,,30d+,https://www.glassdoor.com/partner/jobListing.htm?pos=401&ao=1136043&s=58&guid=00000195fc4b7c5a84e22b94b04d1519&src=GD_JOB_AD&t=SR&vt=w&cs=1_dcfcb096&cb=1743694560879&jobListingId=1009645723661&jrtk=5-yul1-0-1inu4mv6djn0k800-3e2f8a85cebc6ab9,"Familiarity with SAP-related tools and technologies, such as SAP BTP, S/4HANA, SAP Fiori, WDI5, Qmate, and Tricentis Tosca. HTTP, SQL, REST APIs, HTML/CSS.&hellip;
      
        Skills: Jira, Management, CSS, Mobile applications, Test automation
      
    "
 Software quality assurance tester ,United States,3.6,Amentum,Test Engineer - Junior,"Washington, DC",$75K - $109K (Glassdoor est.),14d,https://www.glassdoor.com/partner/jobListing.htm?pos=402&ao=1136043&s=58&guid=00000195fc4b7c5a84e22b94b04d1519&src=GD_JOB_AD&t=SR&vt=w&cs=1_36917069&cb=1743694560878&jobListingId=1009679153634&jrtk=5-yul1-0-1inu4mv6djn0k800-903c661fd9cc3321,"Directs and/or participates in all phases of risk management assessments and software/hardware development with emphasis on analysis of user requirements, test…&hellip;
      
        Skills: Jira, Ansible, Java, SQL, Supervising experience
      
    "
 Software quality assurance tester ,United States,3.1,Ovation Healthcare,Automation Developer I,"Brentwood, TN",$66K - $91K (Glassdoor est.),30d+,https://www.glassdoor.com/partner/jobListing.htm?pos=403&ao=1136043&s=58&guid=00000195fc4b7c5a84e22b94b04d1519&src=GD_JOB_AD&t=SR&vt=w&cs=1_bc254f72&cb=1743694560879&jobListingId=1009605739990&jrtk=5-yul1-0-1inu4mv6djn0k800-857d70d0e42f8c5c,"Assist in the design, development, and implementation of automation solutions to improve efficiency and accuracy. Strong analytical and problem-solving skills.&hellip;
      
        Skills: Revenue cycle management, Computer science, Analysis skills, JavaScript, IT
      
    "
 Software quality assurance tester ,United States,2.3,Mortgage Connect,Fulfillment QA Analyst I,"Denver, CO",$38K - $49K (Glassdoor est.),21d,https://www.glassdoor.com/partner/jobListing.htm?pos=404&ao=1136043&s=58&guid=00000195fc4b7c5a84e22b94b04d1519&src=GD_JOB_AD&t=SR&vt=w&cs=1_df8e5730&cb=1743694560879&jobListingId=1009671008289&jrtk=5-yul1-0-1inu4mv6djn0k800-e5b172bc9a49712c,"Bachelor’s degree in computer science, Information Technology, or a related field (or equivalent experience), real estate/mortgage banking courses are helpful.&hellip;
      
        Skills: Computer science, Analysis skills, Quality assurance, Software testing, Agile
      
    "
 Software quality assurance tester ,United States,3.9,Wichita State University Careers,NetApp Quality Assurance Student Assistant,"Wichita, KS",$14.00 - $18.00 Per Hour (Employer est.),30d+,https://www.glassdoor.com/partner/jobListing.htm?pos=405&ao=1136043&s=58&guid=00000195fc4b7c5a84e22b94b04d1519&src=GD_JOB_AD&t=SR&vt=w&cs=1_5fd67b7b&cb=1743694560879&jobListingId=1009633239929&jrtk=5-yul1-0-1inu4mv6djn0k800-96176d74bcb5c3b9,"Contribute to the development of the next generation drive certification tool. A student assistant will carry out administrative and technical tasks requested…&hellip;
      
        Skills: Jira, JavaScript, Computer networking, APIs, SAN
      
    "
 Software quality assurance tester ,United States,3.7,"The GEL Group, Inc.","2025 Analyst I - Cape Fear Analytical, LLC, - Wilmington, NC","Wilmington, NC",,14d,https://www.glassdoor.com/partner/jobListing.htm?pos=406&ao=1136043&s=58&guid=00000195fc4b7c5a84e22b94b04d1519&src=GD_JOB_AD&t=SR&vt=w&cs=1_d86f6337&cb=1743694560879&jobListingId=1009679790421&jrtk=5-yul1-0-1inu4mv6djn0k800-d0d07d6155086b91,"401k plan with employer matching. Bachelor of Science, preferably in Chemistry, Biology, or related science degree. Paid Time Off and holiday leave.&hellip;
      
        Skills: Microsoft Excel, Customer service, Laboratory experience, Organizational skills, Computer skills
      
    "
 Software quality assurance tester ,United States,3.3,BISSELL Homecare,Test Engineer I - Electronics Integration and Testing,"Grand Rapids, MI",$60K - $85K (Glassdoor est.),30d+,https://www.glassdoor.com/partner/jobListing.htm?pos=407&ao=1136043&s=58&guid=00000195fc4b7c5a84e22b94b04d1519&src=GD_JOB_AD&t=SR&vt=w&cs=1_76cdceaa&cb=1743694560879&jobListingId=1009652771699&jrtk=5-yul1-0-1inu4mv6djn0k800-3dcccc832d3d97ab,"The Test Engineer I will develop broad technical experience to aid in the understanding of the mechanical operation of the systems being controlled by the…&hellip;
      
        Skills: LabView, Schematics, Laboratory experience, Microsoft Office, Statistical analysis
      
    "
 Software quality assurance tester ,United States,4.1,MCSG Technologies,TEST ENGINEER (SOFTWARE - 1 TES) - JNY L1 - 3IS,"Colorado Springs, CO",$135K - $174K (Employer est.),7d,https://www.glassdoor.com/partner/jobListing.htm?pos=408&ao=1136043&s=58&guid=00000195fc4b7c5a84e22b94b04d1519&src=GD_JOB_AD&t=SR&vt=w&cs=1_2ea141ef&cb=1743694560880&jobListingId=1009686849768&jrtk=5-yul1-0-1inu4mv6djn0k800-56c2e514dc875b0a,"PAY TRANSPARENCY NONDISCRIMINATION PROVISION: The contractor will not discharge or in any other manner discriminate against employees or applicants because they…&hellip;
      
        Skills: MATLAB, Data analysis skills, Analysis skills, Software testing
      
    "
 Software quality assurance tester ,United States,,"Motor Vehicles, Department of","Project Assistant (System Test Lead), G-NS (EQ G25)","Albany, NY",$94K - $118K (Employer est.),5d,https://www.glassdoor.com/partner/jobListing.htm?pos=409&ao=1136043&s=58&guid=00000195fc4b7c5a84e22b94b04d1519&src=GD_JOB_AD&t=SR&vt=w&cs=1_82117888&cb=1743694560880&jobListingId=1009689230544&jrtk=5-yul1-0-1inu4mv6djn0k800-5b0fa16da58c4c2b,"Responsibilities include, but are not limited to: • Defines comprehensive test plans outlining objectives, resources, and schedule for testing activities•…&hellip;
      
        Skills: Supervising experience, Quality assurance
      
    "
 Software quality assurance tester ,United States,3.7,IGT,SQA Engineer I,"Reno, NV",$45K - $97K (Employer est.),15d,https://www.glassdoor.com/partner/jobListing.htm?pos=410&ao=1136043&s=58&guid=00000195fc4b7c5a84e22b94b04d1519&src=GD_JOB_AD&t=SR&vt=w&cs=1_4ef76fb9&cb=1743694560880&jobListingId=1009677480292&jrtk=5-yul1-0-1inu4mv6djn0k800-18bf44bc84929501,"Bachelor of Science degree in Computer Science or related field or equivalent industry experience. Strong trouble-shooting skills, and capable of reviewing…&hellip;
      
        Skills: Computer science, Node.js, CSS, C#, Java
      
    "
 Software quality assurance tester ,United States,3.5,HII,B52 / B-1 Mission Planning Software Test Engineer (Engineer Systems Test 3),"Eglin AFB, FL",$81K - $110K (Employer est.),21d,https://www.glassdoor.com/partner/jobListing.htm?pos=411&ao=1136043&s=58&guid=00000195fc4b7c5a84e22b94b04d1519&src=GD_JOB_AD&t=SR&vt=w&cs=1_5fc8218e&cb=1743694560880&jobListingId=1009670867999&jrtk=5-yul1-0-1inu4mv6djn0k800-182723dd77e29b42,"5 years relevant experience with Bachelors in related field; 3 years relevant experience with Masters in related field; 0 years experience with PhD or Juris…&hellip;
      
        Skills: Military, Machine learning, AI
      
    "
 Software quality assurance tester ,United States,3.7,Epsilon Systems Solutions Inc,Systems Test Engineer I (CEC),"Largo, FL",$65K - $94K (Glassdoor est.),29d,https://www.glassdoor.com/partner/jobListing.htm?pos=412&ao=1136043&s=58&guid=00000195fc4b7c5a84e22b94b04d1519&src=GD_JOB_AD&t=SR&vt=w&cs=1_62d662c2&cb=1743694560880&jobListingId=1009660376549&jrtk=5-yul1-0-1inu4mv6djn0k800-764cf844b85a748c,"Support the design, development, documentation, analysis, and creation, of multi-platform network architecture, physical topology design, configuration updates,…&hellip;
      
        Skills: Microsoft Powerpoint, Microsoft Word, MATLAB, Data modeling, Microsoft Excel
      
    "
 Software quality assurance tester ,United States,3.5,Myriad Genetics Inc.,Lab Automation Engineer I,"Salt Lake City, UT",$85K - $112K (Glassdoor est.),30d+,https://www.glassdoor.com/partner/jobListing.htm?pos=413&ao=1136043&s=58&guid=00000195fc4b7c5a84e22b94b04d1519&src=GD_JOB_AD&t=SR&vt=w&cs=1_79f007db&cb=1743694560880&jobListingId=1009642971194&jrtk=5-yul1-0-1inu4mv6djn0k800-7898aca6354f194f,"Bachelor’s degree in molecular biology, bioengineering, chemistry, or related field required. Work cross-functionally with the science, lab, manufacturing, and…&hellip;
      
        Skills: C#, Laboratory experience, Python, Molecular biology
      
    "
 Software quality assurance tester ,United States,4.3,Cornerstone Defense,Systems Intergration and Verification (I&V)/Test Engineer E1-E2,"Boulder, CO",$135K - $175K (Employer est.),28d,https://www.glassdoor.com/partner/jobListing.htm?pos=414&ao=1136043&s=58&guid=00000195fc4b7c5a84e22b94b04d1519&src=GD_JOB_AD&t=SR&vt=w&cs=1_54576d3c&cb=1743694560880&jobListingId=1009661777554&jrtk=5-yul1-0-1inu4mv6djn0k800-bad2343c95a4f6a0,"Working as part of a technical team of software and integration engineers who successfully design, code, integrate, test and deploy complex systems to the…&hellip;
      
        Skills: CI/CD, Management, Software troubleshooting, DevOps, Test automation
      
    "
