Role,Company,Job_title,Location,Salary,Experience
IT project manager,Strong Systems International @ASD,Project Manager I- Commercial Security Systems Integration/LV -2+yrs,"Alpharetta, GA",,Entry-level
IT project manager,Yogurtland,Assistant Project Manager,"Farmers Branch, TX",$75K - $82K (Employer est.),Entry-level
IT project manager,Azimuth Technology,Assistant Program Manager,"Naples, FL",$42K - $45K (Employer est.),Entry-level
IT project manager,IDMR Solutions Inc,Junior Project Manager (IT Aviation),"Cleveland, OH",$40K - $49K (Employer est.),Entry-level
IT project manager,F. LIST FLORIDA LLC,JUNIOR PROJECT MANAGER/PROJECT ANALYST M/F/D,"Opa-locka, FL",$57K - $88K (Glassdoor est.),Entry-level
IT project manager,Exponents Insta USA Inc,"Junior Project Manager in Orlando, FL & San Diego, CA","San Diego, CA",$50K - $60K (Employer est.),Entry-level
IT project manager,"Empire State Development, NYS","IT Project Manager, Tier 1","New York, NY",$85K - $90K (Employer est.),Entry-level
IT project manager,NTT DATA,IT Junior Project Manager - ONSITE,"San Diego, CA",$49K - $103K (Employer est.),Entry-level
IT project manager,Reynolds and Reynolds,Junior Project Manager,United States,,Entry-level
IT project manager,OmniVista Consulting,Junior Project Manager,"Washington, DC",$70K - $90K (Employer est.),Entry-level
IT project manager,Genoa Employment Solutions Inc,Tier 1 Project Manager (IT),"Dearborn, MI",$57K - $89K (Glassdoor est.),Entry-level
IT project manager,JD Software Inc.,Junior Project Manager,"Salem, MA",$56K - $84K (Glassdoor est.),Entry-level
IT project manager,ManTech,Junior IT Project Manager,"Herndon, VA",$94K - $121K (Glassdoor est.),Entry-level
IT project manager,Empower Healthcare Solutions,Junior Project Manager,"Little Rock, AR",$51K - $81K (Glassdoor est.),Entry-level
IT project manager,BayOne,GEHC- Cardiology Project Manager I,"Waukesha, WI",$88K - $151K (Glassdoor est.),Entry-level
IT project manager,DEKA Research & Development,Junior Software Project Manager,"Manchester, NH",,Entry-level
IT project manager,Triumph Financial,IT Project Manager I,"Dallas, TX",$79K - $103K (Glassdoor est.),Entry-level
IT project manager,Hyster-Yale Group,"Project Manager I-II, Emerging Technology","Greenville, NC",$62K - $105K (Glassdoor est.),Entry-level
IT project manager,Innomark Communications,Project Manager *Entry Level*,"Fairfield, OH",$47K - $72K (Glassdoor est.),Entry-level
IT project manager,Empire State,"IT Project Manager, Tier 1","Albany, NY",$80K - $90K (Employer est.),Entry-level
IT project manager,Asar Digital,Junior Project Manager,"Lisle, IL",$51K - $79K (Glassdoor est.),Entry-level
IT project manager,InComm Payments,InComm Healthcare Project Manager I,United States,,Entry-level
IT project manager,Deloitte,Junior IT Project Manager,"Jacksonville, FL",$85K - $141K (Employer est.),Entry-level
IT project manager,"Akumen, Inc.",Junior Project Manager,"Washington, DC",,Entry-level
IT project manager,United Signs,Assistant Project Manager,"Norcross, GA",$60K - $120K (Employer est.),Entry-level
IT project manager,Opiniion Inc,Junior Software Project Manager,"Lehi, UT",$70K - $80K (Employer est.),Entry-level
IT project manager,Essentia Health,Project Manager I or II - Information Services,"Duluth, MN",$73K - $110K (Employer est.),Entry-level
IT project manager,Vail Systems Inc.,Technical Project Manager I,"Chicago, IL",$76K - $95K (Employer est.),Entry-level
IT project manager,Sev1Tech,Project Manager - Junior,"Washington, DC",$71K - $110K (Glassdoor est.),Entry-level
IT project manager,"MUFG Bank, Ltd.","Technology Junior Project Manager / Jersey City, NJ","Jersey City, NJ",$75K (Employer est.),Entry-level
IT project manager,CPMC LLC,Junior Project Manager,"Washington, DC",$66K - $95K (Glassdoor est.),Entry-level
IT project manager,"Akima, LLC",Project Manager I,"Washington, DC",$82K - $108K (Glassdoor est.),Entry-level
IT project manager,Absolute Business Solutions Corp,"Project Analyst, Level I",Virginia,,Entry-level
IT project manager,Mississippi State Personnel Board,Project Manager I,United States,$44K - $59K (Employer est.),Entry-level
IT project manager,Cherokee Federal,Project Manager I,"Washington, DC",$81K - $107K (Glassdoor est.),Entry-level
IT project manager,SAIC,Scrum Master (Junior),"Doral, FL",,Entry-level
IT project manager,GCI,Organizational Change Program Manager I,United States,,Entry-level
IT project manager,NextGen Healthcare,"Project Manager I, AWS Migrations",Georgia,,Entry-level
IT project manager,FIS Global,Project Manager I-Technology,"Jacksonville, FL",$75K - $111K (Glassdoor est.),Entry-level
IT project manager,University of South Florida,Project Manager I,"Tampa, FL",$67K - $87K (Glassdoor est.),Entry-level
IT project manager,Los Angeles County Department of Human Resources,INFORMATION TECHNOLOGY SPECIALIST I,"Los Angeles, CA",$140K - $189K (Employer est.),Entry-level
IT project manager,Lennar,Project Manager I,"Irving, TX",$69K - $90K (Glassdoor est.),Entry-level
IT project manager,Navigenz LLC,Junior Analyst - ERP Implementation Project,"Washington, DC",$70K - $85K (Employer est.),Entry-level
IT project manager,Govcio LLC,Project Coordinator 1,"Martinsburg, WV",$47K - $75K (Employer est.),Entry-level
IT project manager,Booz Allen,"Project Integration Manager, Junior","Charleston, SC",$47K - $96K (Employer est.),Entry-level
IT project manager,ADP,Implementation Project Manager I,"Florham Park, NJ",$80K - $105K (Glassdoor est.),Entry-level
IT project manager,County of Los Angeles,INFORMATION TECHNOLOGY SPECIALIST I,"Los Angeles, CA",$12K - $16K (Employer est.),Entry-level
IT project manager,Gesa Credit Union,Project Manager I,"Richland, WA",$78K - $112K (Employer est.),Entry-level
IT project manager,Georgia Bureau of Investigation,IT Program Manager 1 or 2,"Decatur, GA",$78K - $95K (Employer est.),Entry-level
IT project manager,DEPT OF DESIGN & CONSTRUCTION,Junior IT Project Manager,Westcliffe,$75K - $93K (Employer est.),Entry-level
IT project manager,"360 Advanced Cybersecurity, LL",Junior Project Manager,"Saint Petersburg, FL",,Entry-level
IT project manager,Institute for Building Technology and Safety,Assistant Project Manager- Non-IT,"Ashburn, VA",$60K - $90K (Glassdoor est.),Entry-level
IT project manager,Segra,Project Manager I,North Carolina,,Entry-level
IT project manager,Recess Creative,Junior Project Manager,"Cleveland, OH",$49K - $70K (Glassdoor est.),Entry-level
IT project manager,Astound Broadband,Implementation Project Manager I or II,"San Antonio, TX",$57K - $96K (Employer est.),Entry-level
IT project manager,Aon Corporation,Program Manager I,"Chicago, IL",$110K - $135K (Employer est.),Entry-level
IT project manager,HIMA,Assistant IT and Project Management (PMO) (m/f/d),"Mobile, AL",$59K - $98K (Glassdoor est.),Entry-level
IT project manager,Adams 12 Five Star Schools,BOND IT Project Manager (Level I - III),United States,$47K - $142K (Employer est.),Entry-level
IT project manager,Wells Enterprises,Commercialization Project Manager I,"Le Mars, IA",$55K - $85K (Glassdoor est.),Entry-level
IT project manager,"TRC Companies, Inc.",Project Manager I,"Albany, NY",$74K - $91K (Employer est.),Entry-level
IT project manager,Empire State,"IT Project Manager, Tier 1","New York, NY",$80K - $90K (Employer est.),Entry-level
IT project manager,Department of Corrections & Rehabilitation,INFORMATION TECHNOLOGY SPECIALIST I,United States,$6K - $10K (Employer est.),Entry-level
IT project manager,ADP,Implementation Project Manager I,"Louisville, KY",$65K - $87K (Glassdoor est.),Entry-level
IT project manager,Booz Allen,"Scrum Master, Junior","Arlington, VA",$47K - $96K (Employer est.),Entry-level
IT project manager,Autonomous Solutions,Project Manager (I-III),"Fort Worth, TX",$83K - $124K (Glassdoor est.),Entry-level
IT project manager,University of Kentucky,Technical Project Specialist I,"Frankfort, KY",$47K - $78K (Employer est.),Entry-level
IT project manager,AlignOps,Integration Coordinator - Level I,"Indianapolis, IN",$45K - $67K (Glassdoor est.),Entry-level
IT project manager,Illinois Secretary of State,Information Systems Specialist I - Project Manager,"Springfield, IL",$6K - $10K (Employer est.),Entry-level
IT project manager,MTH Consulting,Scrum Master (Junior),"Huntsville, AL",$60K - $70K (Employer est.),Entry-level
IT project manager,"Garmin International, Inc.",Program Manager 1 IT (Supply Chain),"Olathe, KS",$114K - $157K (Glassdoor est.),Entry-level
IT project manager,The Church of Jesus Christ of Latter-day Saints,Project Manager 1,"Salt Lake City, UT",$69K - $103K (Glassdoor est.),Entry-level
IT project manager,First Division Consulting,Program/Project Manager I,"Philadelphia, PA",$79K (Employer est.),Entry-level
IT project manager,"Equa, LLC",Project Manager - Level 1,"Waldorf, MD",$67K - $100K (Glassdoor est.),Entry-level
IT project manager,The University of Mississippi Medical Center,Telehealth Project Manager I-Telehealth,"Ridgeland, MS",$50K - $73K (Glassdoor est.),Entry-level
IT project manager,ProPhoenix Corporation,Project Manager Level 1,"Moorestown, NJ",$57K - $84K (Glassdoor est.),Entry-level
IT project manager,Amundson Group,Assistant Project Manager,"Atlanta, GA",$80K - $95K (Employer est.),Entry-level
IT project manager,Vickers & Nolan Enterprises,Program Project Manager I,"Charleston, SC",$70K - $100K (Glassdoor est.),Entry-level
IT project manager,"Amazon Data Services, Inc.","Data Center Project Assistant , Critical Projects Implementation","Chantilly, VA",$83K - $127K (Glassdoor est.),Entry-level
IT project manager,Health Plan of San Mateo,Project Manager I,"South San Francisco, CA",$84K - $108K (Employer est.),Entry-level
IT project manager,Wurth Line Craft North America,German Speaking Project Assistant (Entry-Level Project Manager),"Vernon Hills, IL",$55K - $65K (Employer est.),Entry-level
IT project manager,Maxar Technologies,Junior Scrum Master (TS/SCI),"Herndon, VA",$88K - $146K (Employer est.),Entry-level
IT project manager,Connexus Hub,"Project Manager I, Secret Clearance","Norco, CA",$120K - $144K (Employer est.),Entry-level
IT project manager,Foxconn Industrial Internet - FII,Junior Business Program Manager,"Austin, TX",$60K - $65K (Employer est.),Entry-level
IT project manager,Blue Star Partners LLC,Project Manager I,"Columbus, OH",$25.00 - $30.00 Per Hour (Employer est.),Entry-level
IT project manager,ISG Technology,Technical Project Manager I,"Oklahoma City, OK",,Entry-level
IT project manager,HII,Project Manager/Specialist 1 (21036),"Fort Meade, MD",$55K - $61K (Employer est.),Entry-level
IT project manager,1199SEIU Family of Funds,Project Manager I,"New York, NY",$98K - $122K (Employer est.),Entry-level
IT project manager,"Smith Seckman Reid, Inc",Technology Client Relationship Manager I/Project Manager I,"Smyrna, GA",,Entry-level
IT project manager,"Medacta USA, Inc.",Project Manager I- II – Joints Division R&D,"Franklin, TN",$75K - $116K (Glassdoor est.),Entry-level
IT project manager,State of Minnesota,Product & Agile Manager - MNIT Division Manager 1,"Saint Paul, MN",$55.53 - $79.61 Per Hour (Employer est.),Entry-level
IT project manager,ManTech,Junior IT Project Manager,"Herndon, VA",$94K - $121K (Glassdoor est.),Entry-level
IT project manager,MTH Consulting,Scrum Master (Junior),"Chantilly, VA",$65K - $80K (Employer est.),Entry-level
IT project manager,Advantech USA,Junior Technical Project Manager,"Downers Grove, IL",$24.00 - $30.00 Per Hour (Employer est.),Entry-level
IT project manager,AIG,Assistant Delivery Lead/Scrum Master,"Charlotte, NC",$96K - $140K (Glassdoor est.),Entry-level
IT project manager,Quantaleap,Project Manager 1,"Richmond, VA",$77K - $116K (Glassdoor est.),Entry-level
IT project manager,Northteq,Support Manager I,Remote,,Entry-level
IT project manager,DEPARTMENT OF INFORMATION RESOURCES,Portfolio Project Manager I,"Austin, TX",$7K - $9K (Employer est.),Entry-level
IT project manager,DEPARTMENT OF INFORMATION RESOURCES,Portfolio Project Manager I,"Austin, TX",$7K - $9K (Employer est.),Entry-level
IT project manager,"Outdoor Cap Company, Inc",Project Manager 1 - Outdoor Network,"Bentonville, AR",,Entry-level
IT project manager,"Salient CRGT, Inc",Project Manager 1,"Fort Eustis, VA",$65K - $89K (Glassdoor est.),Entry-level
IT project manager,Alfa Insurance Corporate Careers,Project Manager I,"Montgomery, AL",,Entry-level
IT project manager,All Points Logistics,Cleared Scrum Master Junior to SME (Top Secret),"Huntsville, AL",$71K - $109K (Glassdoor est.),Entry-level
IT project manager,"Power Systems Mfg., LLC",Project Manager I,"Jupiter, FL",$70K - $96K (Glassdoor est.),Entry-level
IT project manager,City of New Orleans,INFRASTRUCTURE PROJECT MANAGER I,"New Orleans, LA",$72K (Employer est.),Entry-level
IT project manager,"CW Resources, Inc.",Assistant Project Manager,"Minot AFB, ND",$22.00 Per Hour (Employer est.),Entry-level
IT project manager,Scott Electric Company,Assistant Project Manager,"Greensburg, PA",$57K - $87K (Glassdoor est.),Entry-level
IT project manager,Draper,Program Manager I Tailored Systems,"Cambridge, MA",$124K - $166K (Glassdoor est.),Entry-level
IT project manager,"Goldbelt, Inc.",Project Manager (Levels 1-3),"Fort Detrick, MD",$110K - $150K (Employer est.),Entry-level
IT project manager,City of Hopewell,ERP Administrator I,"Hopewell, VA",$58K - $96K (Employer est.),Entry-level
IT project manager,OBXtek Inc.,Jr. Project Manager I,"Scott Air Force Base, IL",$56K - $78K (Glassdoor est.),Entry-level
IT project manager,Autonomous Solutions,Program Manager (I-IV),"Fort Worth, TX",,Entry-level
IT project manager,CyberLinx Solutions LLC,Technical Manager Level 1,"Annapolis Junction, MD",$71K - $113K (Glassdoor est.),Entry-level
IT project manager,Information Technology Senior Management Forum,Program Manager I-Resiliency & Liability Lead,"Atlanta, GA",$103K - $153K (Glassdoor est.),Entry-level
IT project manager,HII,RF Spectrum Program Manager 1,"Annapolis Junction, MD",$106K - $150K (Employer est.),Entry-level
IT project manager,The Fund for Public Health in New York City,10101 - Disease Surveillance Product Manager I,Westcliffe,$90K - $125K (Employer est.),Entry-level
IT project manager,The University of Kansas Health System,Asst Dir Of System Administration,United States,,Entry-level
IT project manager,Froedtert Health,"IT PROJECT MANAGER ASSOC, FCH - IT PMO",Remote,,Mid-level
IT project manager,PG&E Corporation,"IT Project Manager, Associate","Oakland, CA",$90K - $136K (Employer est.),Mid-level
IT project manager,ASRC Federal,Identity Access Management Project Lead,"Quantico, VA",,Mid-level
IT project manager,Erie Insurance,Senior Project Manager (IT),"Erie, PA",$97K - $156K (Employer est.),Mid-level
IT project manager,"Arch Systems, LLC",Project Manager – Level II,Remote,,Mid-level
IT project manager,Proconex,Project Lead - Emerson DeltaV,"Philadelphia, PA",$120K (Employer est.),Mid-level
IT project manager,Integrated Home Care Services,Healthcare IT Project Manager/Business Analyst,Remote,$80K (Employer est.),Mid-level
IT project manager,Ephesus Solutions,Senior Project Manager,"Mount Juliet, TN",$130K - $140K (Employer est.),Mid-level
IT project manager,DriveCentric,"Sr. Technical Project Manager, Team Lead (.NET / DevSecOps)",Remote,$185K (Employer est.),Mid-level
IT project manager,EOAI,Project Manager / Tech / Automation / AI,United States,$86K - $93K (Employer est.),Mid-level
IT project manager,Stratascale,Stratascale Sr. Project Manager,Remote,$130K - $160K (Employer est.),Mid-level
IT project manager,Coretek Services,Senior IT Project Manager,Remote,,Mid-level
IT project manager,Urban Insight,Technical Project Manager - Freelance,Remote,$40.00 - $50.00 Per Hour (Employer est.),Mid-level
IT project manager,The Hitch Group,Senior Project Manager,Remote,$105K - $111K (Employer est.),Mid-level
IT project manager,"Alutiiq, LLC",Deputy Project Manager,"Artesia, NM",$78K - $98K (Employer est.),Mid-level
IT project manager,GlobeSync Tech,Project Manager 3,Remote,$120K - $160K (Employer est.),Mid-level
IT project manager,Velera,Senior Client Delivery Project Manager (Debit) - Remote,Remote,$85K - $108K (Employer est.),Mid-level
IT project manager,Tesla,"Sr. Project Manager, Outbound Logistics","Austin, TX",$70K - $115K (Glassdoor est.),Mid-level
IT project manager,Evolve Security,Service Delivery Manager/Project Manager,Remote,$75K - $85K (Employer est.),Mid-level
IT project manager,"Mercury Insurance Services, LLC",IT Project Manager II,Remote,$85K - $158K (Employer est.),Mid-level
IT project manager,Kaiser Permanente,Project Manager II,"Downey, CA",$73K - $95K (Employer est.),Mid-level
IT project manager,Agua Caliente Casino • Resort • Spa,IT Project Manager II,"Rancho Mirage, CA",$84K - $113K (Glassdoor est.),Mid-level
IT project manager,"Cozzini Bros., Inc.",Sr. IT Project Manager,"Chicago, IL",$140K - $180K (Employer est.),Mid-level
IT project manager,Syneos - Clinical and Corporate - Prod,Sr Project Manager,Remote,,Mid-level
IT project manager,Pacific Computer Consultants,Sr. MSP Project Engineer,"Pittsburgh, PA",$100K - $130K (Employer est.),Mid-level
IT project manager,"Sensata Technologies, Inc.",Senior Project Manager,Remote,$109K - $150K (Employer est.),Mid-level
IT project manager,Sonoco,IT Project Associate,Indiana,,Mid-level
IT project manager,GuROO,Senior Engineering Project Manager,"Warrenton, VA",$150K (Employer est.),Mid-level
IT project manager,UT Health Science Center at San Antonio,IT Project Manager -Sr,"San Antonio, TX",,Mid-level
IT project manager,Tech Army,Technical Project Manager 4,Remote,$110.42 - $115.91 Per Hour (Employer est.),Mid-level
IT project manager,CVS Health,"Manager, Scrum Master","Raleigh, NC",$83K - $167K (Employer est.),Mid-level
IT project manager,DraftKings,Senior Associate Delivery Manager,Remote,$82K - $102K (Employer est.),Mid-level
IT project manager,CliftonLarsonAllen,Senior IT Project Manager,"Milwaukee, WI",$97K - $126K (Glassdoor est.),Mid-level
IT project manager,Govcio LLC,Sr. Project Manager (Remote),Remote,$115K - $125K (Employer est.),Mid-level
IT project manager,Worldpay,Sr. Implementation Project Manager,Remote,$105K - $177K (Employer est.),Mid-level
IT project manager,Grainger,IT PMO Sr Analyst,"Lake Forest, IL",$78K - $130K (Employer est.),Mid-level
IT project manager,Johnnie Studio,Senior Project Manager,Remote,,Mid-level
IT project manager,Nüvitek,Senior Project Manager,Remote,,Mid-level
IT project manager,MNS Group,Senior Project Manager,United States,$120K - $130K (Employer est.),Mid-level
IT project manager,"Mom's Meals, a PurFoods Company",Sr Project Manager,"Kansas City, KS",$87K - $122K (Glassdoor est.),Mid-level
IT project manager,EVERSOURCE,IT Senior Project Manager (Hybrid),"Westwood, MA",$135K - $150K (Employer est.),Mid-level
IT project manager,Deloitte,Technical Full Stack JAVA Team lead Scrum Master,"Austin, TX",$85K - $133K (Glassdoor est.),Mid-level
IT project manager,"Value Added Solutions, Inc.",Technical Project Manager 4,"Los Alamos, NM",$104K - $148K (Glassdoor est.),Mid-level
IT project manager,Centene,Project Manager III,Florida,$86K - $155K (Employer est.),Mid-level
IT project manager,AT&T,Senior Project Manager,"Plano, TX",$106K - $158K (Employer est.),Mid-level
IT project manager,W2O Group,Senior Project Manager,Remote,$110K - $140K (Employer est.),Mid-level
IT project manager,Govcio LLC,Sr. Project Manager (Remote),Remote,$100K - $110K (Employer est.),Mid-level
IT project manager,KinderCare Education,Sr IT Project Manager - Remote Opportunity,"Beaverton, OR",$88K - $129K (Glassdoor est.),Mid-level
IT project manager,Vitech,Lead Project Manager,Remote,,Mid-level
IT project manager,Premise Health,Senior Project Manager,Remote,$85K - $109K (Employer est.),Mid-level
IT project manager,Cognizant,Delivery Manager / Senior Project Manager,"Boston, MA",$140K - $163K (Employer est.),Mid-level
IT project manager,hims & hers,Sr. Project Manager,"San Francisco, CA",$110K - $125K (Employer est.),Mid-level
IT project manager,"QSC, LLC",Agile Scrum Lead,Remote,$114K - $149K (Employer est.),Mid-level
IT project manager,Origami Risk LLC,Senior Project Manager,Remote,$105K - $135K (Employer est.),Mid-level
IT project manager,Govcio LLC,Project Manager 3,Remote,,Mid-level
IT project manager,Isagenix,Sr. Agile Delivery Partner,"Gilbert, AZ",,Mid-level
IT project manager,Ephesus Solutions,Senior Project Manager,"Franklin, TN",$130K - $140K (Employer est.),Mid-level
IT project manager,Kaiser Permanente,Project Manager III - IT Capital Construction (Oakland),"Oakland, CA",$133K - $172K (Employer est.),Mid-level
IT project manager,"Celldex Therapeutics, Inc.",Senior Project Manager,"Hampton, NJ",$93K - $133K (Glassdoor est.),Mid-level
IT project manager,"Health In Tech, Inc",Project Leader,Remote,$85K - $110K (Employer est.),Mid-level
IT project manager,Centric Consulting,Sr. Scrum Master,"Saint Louis, MO",$102K - $140K (Glassdoor est.),Mid-level
IT project manager,Ivy Tech Community College,Senior Agile Scrum Master,Indiana,$85K - $95K (Employer est.),Mid-level
IT project manager,ManTech,Technical Project Manager,"Eglin Village, FL",$99K - $137K (Glassdoor est.),Mid-level
IT project manager,Valvoline Global,IT Project Manager Sr,"Lexington, KY",$67K - $96K (Glassdoor est.),Mid-level
IT project manager,JND,[Hybrid] Telecom - IT Project Manager 5 (13988-4),"Mountain View, CA",$71.00 - $75.00 Per Hour (Employer est.),Mid-level
IT project manager,Frost Bank,IT PROJECT MANAGER II,"Austin, TX",$84K - $110K (Glassdoor est.),Mid-level
IT project manager,Infinite Campus,IT PROJECT MANAGER II (317A12325v2),"Blaine, MN",$115K (Employer est.),Mid-level
IT project manager,Trustmark,IT Project Manager IV,"Lake Forest, IL",$100K - $186K (Employer est.),Mid-level
IT project manager,American University,Senior IT Project Manager,"Washington, DC",$115K - $130K (Employer est.),Mid-level
IT project manager,Broadridge,Sr. Scrum Master (Hybrid),"Edgewood, NY",$100K - $130K (Employer est.),Mid-level
IT project manager,Gallagher Bassett,Sr. Project Manager,"Rolling Meadows, IL",$95K - $186K (Employer est.),Mid-level
IT project manager,Capital One,"Senior Manager, Technical Program Manager - AI / ML","Richmond, VA",,Mid-level
IT project manager,"Red Hat, Inc.",Senior Project Manager - Agile Practitioner,"Raleigh, NC",$116K - $192K (Employer est.),Mid-level
IT project manager,PG&E Corporation,Senior Corporate Security/IT Project Manager,"Oakland, CA",$123K - $207K (Employer est.),Mid-level
IT project manager,Illumina,Associate Project Manager,"San Diego, CA",$67K - $101K (Employer est.),Mid-level
IT project manager,University of Arizona,IT Project Manager IV,United States,$100K - $160K (Employer est.),Mid-level
IT project manager,Red Bull,"Graduate Program, Information Technology","Santa Monica, CA",$80K (Employer est.),Mid-level
IT project manager,Qualcomm,Senior IT Project Manager/Scrum Master,"San Diego, CA",$142K - $214K (Employer est.),Mid-level
IT project manager,EXL Services,Senior Project Manager,"Phoenix, AZ",,Mid-level
IT project manager,Waveguide,SENIOR AV/IT PROJECT MANAGER- REMOTE,North Carolina,$110K - $120K (Employer est.),Mid-level
IT project manager,Arrowstreet Capital,"Senior Associate, IT Project Management","Boston, MA",,Mid-level
IT project manager,GCI,IT Project Manager III,"Anchorage, AK",$91K - $123K (Glassdoor est.),Mid-level
IT project manager,Ansira,Sr. Project Manager,Ohio,,Mid-level
IT project manager,Burns & McDonnell,Senior IT Project Manager - Corporate IT (Kansas City),"Kansas City, MO",,Mid-level
IT project manager,Evolve Security,Service Delivery Manager/Project Manager,United States,$75K - $85K (Employer est.),Mid-level
IT project manager,KARL STORZ Endoscopy - America,Project Manager IV,"Goleta, CA",$152K - $172K (Employer est.),Mid-level
IT project manager,WellSense Health Plan,Project Manager III,Remote,,Mid-level
IT project manager,Loma Linda University Health,Project Manager Sr-IT,"Loma Linda, CA",$116K - $152K (Employer est.),Mid-level
IT project manager,"Audio-Technica U.S., Inc.",ERP Manager,"Stow, OH",$83K - $119K (Glassdoor est.),Mid-level
IT project manager,Centene,HEDIS Project Manager IV,Alabama,$86K - $155K (Employer est.),Mid-level
IT project manager,Mastercard,Senior Technical Program Manager,"O Fallon, MO",$94K - $157K (Employer est.),Mid-level
IT project manager,Microsoft,Senior Technical Program Manager,United States,$117K - $250K (Employer est.),Mid-level
IT project manager,FERROVIAL HOLDING US CORP,Agile Delivery Lead,"Austin, TX",,Mid-level
IT project manager,Capital One,"Senior Manager, Technical Program Manager - AI / ML","Cambridge, MA",,Mid-level
IT project manager,GCI,IT Project Manager IV,"Anchorage, AK",$99K - $134K (Glassdoor est.),Mid-level
IT project manager,InComm Payments,Project Manager IV,United States,,Mid-level
IT project manager,Thermo Fisher Scientific,IT Project Manager III,"Carlsbad, CA",$135K - $159K (Employer est.),Mid-level
IT project manager,"Innovation Associates, Inc.",Sr. Technical Program Manager,United States,$109K - $150K (Employer est.),Mid-level
IT project manager,ICF,Deputy Program Manager (Technical),"Austin, TX",$144K - $244K (Employer est.),Mid-level
IT project manager,GBMC Healthcare,Senior IT Program Manager,"Towson, MD",$97K - $175K (Employer est.),Mid-level
IT project manager,Abbott Laboratories,Sr. IT Program Manager,"Abbott Park, IL",$127K - $255K (Employer est.),Mid-level
IT project manager,Dutech Systems,Senior IT Project Manager,"Austin, TX",$130K - $140K (Employer est.),Mid-level
IT project manager,Sekon,Senior Information Technology (IT) Project Manager,"Reston, VA",$105K - $149K (Glassdoor est.),Mid-level
IT project manager,Lowe's,Sr Business Project Manager,"Mooresville, NC",$98K - $164K (Employer est.),Mid-level
IT project manager,Cotiviti,Principal Project Manager PMO,Remote,$138K - $170K (Employer est.),Mid-level
IT project manager,Liberty Mutual,Scrum Master II,"Boston, MA",$104K - $194K (Employer est.),Mid-level
IT project manager,"Intercontinental Exchange Holdings, Inc.",Senior Project Manager Technology,"Atlanta, GA",$112K - $156K (Glassdoor est.),Mid-level
IT project manager,Microsoft,Technical Program Manager II,"Redmond, WA",$98K - $209K (Employer est.),Mid-level
IT project manager,"Servpro Industries, LLC",Senior IT Project Manager,"Gallatin, TN",,Mid-level
IT project manager,Electronic Merchant Systems Llc,Project Manager/Scrum Master,"Cleveland, OH",$70K - $100K (Glassdoor est.),Mid-level
IT project manager,Capital One,"Senior Manager, Technical Program Manager - Machine Learning","McLean, VA",,Mid-level
IT project manager,Consumer Cellular,IT Sr. Project Manager,"Scottsdale, AZ",$111K - $162K (Employer est.),Mid-level
IT project manager,"Red Hat, Inc.",Senior Program Manager - Technical,North Carolina,$116K - $192K (Employer est.),Mid-level
IT project manager,Capital One,"Senior Manager, Technology - Associate Experience Technology: Risk & Controls","Plano, TX",,Mid-level
IT project manager,Roswell Park Cancer Institute,Senior IT Project Manager,"Buffalo, NY",$124K - $156K (Employer est.),Mid-level
IT project manager,CSC (Corporation Service Company),Senior Technology Project Manager,United States,,Mid-level
IT project manager,"Douglas County, CO",Senior IT Project Manager,"Castle Rock, CO",$109K - $163K (Employer est.),Mid-level
IT project manager,CDK Global,Lead Technology Program Manager,Remote,$115K - $150K (Employer est.),Mid-level
IT project manager,Capital One,"Senior Manager, Technical Program Manager - Machine Learning","Richmond, VA",,Mid-level
IT project manager,Capital One,"Senior Manager, Technical Program Manager AI / ML","Richmond, VA",,Mid-level
IT project manager,Cox Communications,Principal Project / Program Manager,"Atlanta, GA",$132K - $219K (Employer est.),Mid-level
IT project manager,GEICO,Senior Technical Program Manager - Legal Technology (REMOTE),"Chevy Chase, MD",$130K - $260K (Employer est.),Mid-level
IT project manager,PG&E Corporation,Principal Program Manager,"Oakland, CA",$140K - $238K (Employer est.),Mid-level
IT project manager,Citizens,Digital Banking Sr Project Manager,"Westwood, MA",$76K - $117K (Glassdoor est.),Mid-level
IT project manager,KARTHIK CONSULTING,Program Manager/Agile SCRUM Master,Virginia,,Mid-level
IT project manager,Analog Devices,Technical Program Manager (AI/ML),"Boston, MA",$154K - $212K (Employer est.),Mid-level
IT project manager,Coinbase,Senior Program Manager,Remote,$166K - $196K (Employer est.),Mid-level
IT project manager,Caterpillar,Project Management Lead,"Tucson, AZ",$126K - $189K (Employer est.),Mid-level
IT project manager,PayPal,Senior Technical Program Manager,"San Jose, CA",$97K - $234K (Employer est.),Mid-level
IT project manager,Harris Health System,Sr Project Mgr (IT),"Houston, TX",$90K - $129K (Glassdoor est.),Mid-level
IT project manager,Providence,Principal IS Project Manager,Idaho,$49.05 - $100.26 Per Hour (Employer est.),Mid-level
IT project manager,Thomson Reuters,Senior Program Manager,"Eagan, MN",$99K - $185K (Employer est.),Mid-level
IT project manager,Microsoft,Security Research Technical Program Manager II,United States,$98K - $209K (Employer est.),Mid-level
IT project manager,Arbella Insurance Group,Senior IT Project Manager,"Quincy, MA",$109K - $148K (Glassdoor est.),Mid-level
IT project manager,"Conduent State & Local Solutions, Inc",Remote Deputy Project Manager,"Milwaukee, WI",$90K - $120K (Employer est.),Mid-level
IT project manager,IDEMIA,Sr Manager Project / Program,United States,,Mid-level
IT project manager,Solano County,Information Technology Analyst (Principal) - Project Manager,"Fairfield, CA",$61.80 - $75.11 Per Hour (Employer est.),Mid-level
IT project manager,"MUFG Bank, Ltd.",Sr. Technology Implementation Project Manager – AVP,"Jersey City, NJ",$84K - $127K (Employer est.),Mid-level
IT project manager,Absolute Business Solutions Corp,Senior Level Project/Program Manager,Remote,,Mid-level
IT project manager,Microsoft,Principal Technical Program Manager,"Redmond, WA",$138K - $294K (Employer est.),Mid-level
IT project manager,JPMorganChase,Technical Project Manager III - Survey Platforms,"Wilmington, DE",$83K - $119K (Glassdoor est.),Mid-level
IT project manager,"Visvero, Inc.",Senior Executive Project Manager,Remote,,Mid-level
IT project manager,"Flexera Software, Inc.",Senior Project Manager,Remote,,Mid-level
IT project manager,AT&T,PMO Project Manager (IT-IA-IM PM II) (Government),"Chantilly, VA",$98K - $160K (Employer est.),Mid-level
IT project manager,SellersCommerce,Senior Project Manager – SC2025 - SPM,"Rosemont, IL",$87K - $127K (Glassdoor est.),Mid-level
IT project manager,Bayview Asset Management,"Sr. Associate, Security Project Manager","Coral Gables, FL",$120K - $140K (Employer est.),Mid-level
IT project manager,United Airlines,Senior Program Manager – IT,"Chicago, IL",$137K - $187K (Employer est.),Mid-level
IT project manager,Capital One,"Senior Manager, Technology - Associate Experience Technology: Risk & Controls","McLean, VA",,Mid-level
IT project manager,PG&E Corporation,"Program Manager, Principal","Oakland, CA",$140K - $238K (Employer est.),Mid-level
IT project manager,"Center for Internet Security, Inc.",Senior Program Manager - Remote,United States,$127K - $222K (Employer est.),Mid-level
IT project manager,Freedom Mortgage,"Project Mgr Sr, DDO","Trenton, NJ",$74K - $111K (Glassdoor est.),Mid-level
IT project manager,US National Defense University,SUPV IT PROJECT MANAGER (APPSW/INFOSEC),"Washington, DC",$142K - $185K (Employer est.),Mid-level
IT project manager,Reliance Matrix,Project Manager Lead IS,United States,$114K - $164K (Employer est.),Mid-level
IT project manager,SAIC,Senior IT PMO Analyst,"Bethesda, MD",$160K - $200K (Employer est.),Mid-level
IT project manager,Capital One,"Manager, Project Manager","McLean, VA",,Mid-level
IT project manager,Infinite Campus,IT PROJECT MANAGER II (317A12325v2),"Blaine, MN",$76K - $142K (Employer est.),Mid-level
IT project manager,Evoort Solutions,Project Manager/Scrum Master,"Boston, MA",$100K - $157K (Glassdoor est.),Mid-level
IT project manager,Applied Materials,Technical Project/Program Manager III Senior - (E3S),"Austin, TX",$104K - $143K (Employer est.),Mid-level
IT project manager,JPMorganChase,"Strategic Execution Project Manager II, Senior Associate","Newark, DE",$63K - $95K (Glassdoor est.),Mid-level
IT project manager,HelloGov,Senior Project Manager,"Fairfax, VA",$121K - $274K (Employer est.),Mid-level
IT project manager,Palo Alto Networks,Senior Inclusive Program Manager,"Santa Clara, CA",$153K - $249K (Employer est.),Mid-level
IT project manager,Amazon.com Services LLC,"Senior Technical Program Manager, AI Security","Austin, TX",$131K - $184K (Glassdoor est.),Mid-level
IT project manager,Lukos,Deputy Project Manager,Remote,,Mid-level
IT project manager,Capital One,"Senior Manager, Project Manager (Enterprise Platforms Technology)","McLean, VA",,Mid-level
IT project manager,"8x8, Inc.","Senior Program Manager - Legal, Security & Fraud",North Carolina,$123K - $204K (Employer est.),Mid-level
IT project manager,County of Solano,Information Technology Analyst (Principal) - Project Manager,"Fairfield, CA",$129K - $156K (Employer est.),Mid-level
IT project manager,Google,"Technical Program Manager II, Process Engineering, Google Cloud",South Carolina,,Mid-level
IT project manager,GCS Technologies,Senior IT Project Analyst,"Austin, TX",$75K - $110K (Employer est.),Mid-level
IT project manager,MFS Investment Management,"Sr. Manager, Agile Coach - Chief Scrum Master","Boston, MA",$116K - $150K (Glassdoor est.),Mid-level
IT project manager,SailPoint,Senior Web Program Manager,United States,$77K - $142K (Employer est.),Mid-level
IT project manager,Wayfair,"Senior Technical Program Manager, Global Supplier Technology","Boston, MA",$176K - $188K (Employer est.),Mid-level
IT project manager,Citizens,TBM Program Manager II,"Westwood, MA",$160K - $190K (Employer est.),Mid-level
IT project manager,Tellus Solutions,M&A Technical Project Manager (Quote to Cash) (3 to 4 Months Project) Remote,Remote,$80.00 Per Hour (Employer est.),Mid-level
IT project manager,Autodesk,"Senior Manager, Technical Program Management, Enterprise Cloud and Infrastructure Engineering","Novi, MI",$143K - $231K (Employer est.),Mid-level
IT project manager,Harris Computer Systems,Senior Scrum Master,South Carolina,,Mid-level
IT project manager,Google,"Program Manager Strategic Planning Lead, Google Data Centers","Austin, TX",,Mid-level
IT project manager,Capital One,"Senior Manager, Technology - Associate Experience Technology: Risk & Controls","Richmond, VA",,Mid-level
IT project manager,Syneos - Clinical and Corporate - Prod,Project Manager II (Global experience) - Argentina Home Based,Remote,$278K - $327K (Employer est.),Mid-level
IT project manager,Google,"Technical Program Manager III, Capacity Planning and Automation, Technical Infrastructure","Austin, TX",,Mid-level
IT project manager,KinderCare Education,Principal Project Manager - Remote Opportunity,"Beaverton, OR",$92K - $149K (Glassdoor est.),Mid-level
IT project manager,Hyundai Capital America,Sr. IT Infrastructure Technical Delivery Manager,"Newport Beach, CA",$121K - $187K (Employer est.),Mid-level
IT project manager,Google,"Technical Program Manager Lead, Fiber Capacity Delivery","Thornton, CO",,Mid-level
IT project manager,rSTAR Technologies,Agile Manager/Coach/Scrum Master,United States,,Mid-level
IT project manager,Whole Foods Market,"Senior Program Manager, E-Commerce","Austin, TX",$86K - $126K (Glassdoor est.),Mid-level
IT project manager,Dartmouth Hitchcock Medical Center,"Senior Project Manager - IS Program Management Office, Hybrid","Lebanon, NH",$76K - $110K (Glassdoor est.),Mid-level
IT project manager,"Sensata Technologies, Inc.",Sr. IT Project Manager - Commercial and Engineering,"Attleboro, MA",$104K - $150K (Glassdoor est.),Mid-level
IT project manager,JPMorganChase,Lead Technical Program Manager - Cloud and Identity Access Management,"Plano, TX",$103K - $151K (Glassdoor est.),Mid-level
IT project manager,YouTube,"Technical Program Manager III, Video Infrastructure, YouTube","Cambridge, MA",$142K - $211K (Employer est.),Mid-level
IT project manager,Lowe's,Lead Technology Coach - Agile,"Charlotte, NC",$112K - $212K (Employer est.),Mid-level
IT project manager,SafelyYou,Senior Technical Program Manager,Remote,,Mid-level
IT project manager,Applied Materials,2025 University Graduate - Technical Program Mgr (TPM),"Santa Clara, CA",$80K - $110K (Employer est.),Mid-level
IT project manager,Citi,IT Project Tech Lead - C13 - CHARLOTTE - Hybrid,"Charlotte, NC",$117K - $176K (Employer est.),Mid-level
IT project manager,Just Global,Senior Project Manager,Remote,$71K - $107K (Employer est.),Mid-level
IT project manager,Airgas,Senior IT Project Manager and Agile Coach,"Radnor, PA",$112K - $160K (Glassdoor est.),Mid-level
IT project manager,Visa,Lead Technical Program Manager - Payment Platform Technology (Hybrid/Onsite),"Austin, TX",$161K - $233K (Employer est.),Mid-level
IT project manager,Stryker,"Associate Project Manager - Washington, D.C","Washington, DC",$64K - $99K (Glassdoor est.),Mid-level
IT project manager,Northrop Grumman,Sr Principal Enterprise Services IT Program Manager-Active Secret Clearance Required,"Baltimore, MD",$131K - $197K (Employer est.),Mid-level
IT project manager,"VENESCO, LLC",Senior Information Technology Project Manager,"Washington, DC",$110K - $165K (Employer est.),Mid-level
IT project manager,Abbott Laboratories,Senior Project Manager,"Alameda, CA",$128K - $256K (Employer est.),Mid-level
IT project manager,Fortune Brands,"Senior Program Manager, Hardware","Deerfield, IL",$125K - $155K (Employer est.),Mid-level
IT project manager,"Sensata Technologies, Inc.",Senior IT Project Manager- Global Support Organization (GSO),"Attleboro, MA",$100K - $144K (Glassdoor est.),Mid-level
IT project manager,Capital One,"Senior Manager, Project Manager","Richmond, VA",,Mid-level
IT project manager,Netflix,Staff Design Program Manager - Platform,Remote,$120K - $515K (Employer est.),Mid-level
IT project manager,BlueForge Alliance,Associate Project Manager - Technology,Remote,,Mid-level
IT project manager,Erie Insurance,Master Project Manager / Scrum Master (Enterprise Data),"Erie, PA",$97K - $156K (Employer est.),Mid-level
IT project manager,Jack Henry & Associates,Strategic Project Manager III,United States,$90K - $120K (Employer est.),Mid-level
IT project manager,"Revolution Technologies, LLC",ServiceNow Project Manager/Release Manager,"Cary, NC",$45.00 - $55.00 Per Hour (Employer est.),Mid-level
IT project manager,Yale University,"IT, Project Manager 3","New Haven, CT",$90K - $124K (Glassdoor est.),Mid-level
IT project manager,"General Dynamics Mission Systems, Inc",Technical Project Leader - Tactical RF/GPS Solutions,"Fort Wayne, IN",$152K - $162K (Employer est.),Mid-level
IT project manager,ManTech,Senior IT Project Manager,"Herndon, VA",$131K - $167K (Glassdoor est.),Mid-level
IT project manager,Mayo Clinic,Senior Project Manager - Research,"Rochester, MN",$107K - $160K (Employer est.),Mid-level
IT project manager,Astreya Partners,Senior IT Project Manager,"San Ramon, CA",$112K - $186K (Employer est.),Mid-level
IT project manager,Client,Senior IT Project Manager,"Omaha, NE",$60.00 Per Hour (Employer est.),Mid-level
IT project manager,Capital One,"Principal Associate, Project Management - Decisioning Platform (Hybrid)","Richmond, VA",,Mid-level
IT project manager,BlueForge Alliance,Senior Project Manager - Technology,Remote,,Mid-level
IT project manager,Capital One,Principal Project Manager,"Richmond, VA",,Mid-level
IT project manager,Rapid7,"Senior Program Manager, Managed Services","Austin, TX",$119K - $167K (Glassdoor est.),Mid-level
IT project manager,Dewberry,Senior IT Project Manager,"Fairfax, VA",,Mid-level
IT project manager,Bounteous,Senior Project Manager,"Ann Arbor, MI",$85K - $110K (Employer est.),Mid-level
IT project manager,CoreSite,Project Manager Scrum Master,"Denver, CO",$90K - $115K (Employer est.),Mid-level
IT project manager,Eclerx,Senior IT Project Manager,"Miami, FL",$120K - $175K (Employer est.),Mid-level
IT project manager,University of Colorado Boulder,Senior Agile Project Manager,"Boulder, CO",$89K - $100K (Employer est.),Mid-level
IT project manager,Florida Peninsula Insurance Company,Project Manager/Scrum Master (Onsite/Hybrid),"Boca Raton, FL",$79K - $127K (Glassdoor est.),Mid-level
IT project manager,Oracle,Project Manager 3 - Ops,United States,,Mid-level
IT project manager,Nordstrom Inc,Program Manager Tech 2 - Support Services (Hybrid - Seattle),"Seattle, WA",$103K - $189K (Employer est.),Mid-level
IT project manager,Houston Methodist,IT Project Manager II - (Center of Innovation),"Houston, TX",$84K - $119K (Glassdoor est.),Mid-level
IT project manager,Brinks Home,Senior IT Project Manager,"Farmers Branch, TX",$97K - $131K (Glassdoor est.),Mid-level
IT project manager,Cambium Learning Group,Data Reporting Project Manager II,Remote,,Mid-level
IT project manager,Capital One,"Senior Associate, Project Management - Card Terms Platform Operations (Hybrid)","Richmond, VA",,Mid-level
IT project manager,ManTech,Staff IT Project Manager,"Herndon, VA",$109K - $140K (Glassdoor est.),Mid-level
IT project manager,General Dynamics Information Technology,Service Desk Deputy Program Manager - Active Top Secret required,"Washington, DC",$111K - $150K (Employer est.),Mid-level
IT project manager,Wolters Kluwer,Senior Scrum Master | Hybrid Onsite,"Coppell, TX",$98K - $134K (Glassdoor est.),Mid-level
IT project manager,hims & hers,"Sr. Technical Program Manager, Data Platform","San Francisco, CA",$170K - $185K (Employer est.),Mid-level
IT project manager,Capital One,"Manager, Project Manager Project and Process Excellence(PPX)| Retail Bank","Richmond, VA",,Mid-level
IT project manager,University of Rhode Island,Senior Information Technology (IT) Project Manager,"Kingston, RI",$90K - $125K (Employer est.),Mid-level
IT project manager,GE Vernova,Senior Services Manager - Digital Project Management,"Melbourne, FL",$122K - $153K (Employer est.),Mid-level
IT project manager,FIS Global,Sr. Strategic Project Manager,"Brown Deer, WI",$105K - $177K (Employer est.),Mid-level
IT project manager,"Presidio Networked Solutions, LLC","Senior Project Manager, Delivery",Remote,,Mid-level
IT project manager,Rapid7,"Lead Program Manager, Managed Services","Austin, TX",$128K - $179K (Glassdoor est.),Mid-level
IT project manager,Apple,Sr. Engineering Program Manager - Apple Services Engineering,"Cupertino, CA",$166K - $294K (Employer est.),Mid-level
IT project manager,Solvus Global,Principal Technical Program Manager,"Worcester, MA",$150K - $190K (Employer est.),Mid-level
IT project manager,Google,"Program Manager III, Logistics Planning, Technical Infrastructure","Atlanta, GA",,Mid-level
IT project manager,Public Consulting Group,Technical Project Manager 2,United States,$135K - $175K (Employer est.),Mid-level
IT project manager,Owens & Minor Medical Inc.,Sr. Project/Program Manager – IT Infrastructure,"Denver, CO",$108K - $151K (Glassdoor est.),Mid-level
IT project manager,Citi,IT Business Lead Analyst/Project Manager - C13 - JERSEY CITY/NEW YORK,"Jersey City, NJ",$130K - $195K (Employer est.),Mid-level
IT project manager,Solvus Global,Senior Technical Program Manager,"Worcester, MA",$110K - $150K (Employer est.),Mid-level
IT project manager,Solar Turbines,Sr Scrum Master,"San Diego, CA",$120K - $180K (Employer est.),Mid-level
IT project manager,Paypal,Sr Program Manager - Sales Technology,"Austin, TX",$97K - $234K (Employer est.),Mid-level
IT project manager,University of Maryland Medical System,IT Project Manager II,"Columbia, MD",$46.01 - $65.04 Per Hour (Employer est.),Mid-level
IT project manager,Clayton Careers,"Senior Manager, Technology Project/Program Management","Maryville, TN",$84K - $122K (Glassdoor est.),Mid-level
IT project manager,"iRadio, University of Houston-Downtown",IT Project Manager and Business Analyst I,"Houston, TX",$72K - $74K (Employer est.),Mid-level
IT project manager,Apple,"Engineering Program Manager, Data Engineering, Apple Services Engineering","Seattle, WA",$157K - $279K (Employer est.),Mid-level
IT project manager,Lenovo,Sr. Project Manager - Strategic Operations,"Morrisville, NC",$95K - $136K (Glassdoor est.),Mid-level
IT project manager,Chetu Inc.,Senior Technical Project Manager,"Sunrise, FL",$90K - $110K (Employer est.),Mid-level
IT project manager,Lowe's,"Sr Manager, Agile Operations","Charlotte, NC",$104K - $150K (Glassdoor est.),Mid-level
IT project manager,CentralSquare Technologies,Project Manager III,United States,,Mid-level
IT project manager,Brinks Home,Associate IT Project Manager,"Farmers Branch, TX",$73K - $100K (Glassdoor est.),Mid-level
IT project manager,City of Sunnyvale,Senior Project Manager - PMO,"Sunnyvale, CA",$132K - $168K (Employer est.),Mid-level
IT project manager,Uplight,Lead Technical Project Manager,United States,$130K - $150K (Employer est.),Mid-level
IT project manager,Chicago Transit Authority,"Senior Project Manager, IT","Chicago, IL",$125K - $135K (Employer est.),Mid-level
IT project manager,BlueCross BlueShield of South Carolina,"IT Senior Project Manager-CGS Administrators, LLC (Nashville, TN)","Nashville, TN",$72K - $111K (Glassdoor est.),Mid-level
IT project manager,PLEXSYS,Capabilities Requirements Manager,"Camas, WA",$136K - $188K (Employer est.),Mid-level
IT project manager,Capital Metro,Technology Project Manager II,"Austin, TX",$72K - $105K (Glassdoor est.),Mid-level
IT project manager,Thomson Reuters,"Senior Client Project Manager, Government","Ann Arbor, MI",$99K - $185K (Employer est.),Mid-level
IT project manager,COUNTRY Financial,Technology Project Manager Sr,"Bloomington, IL",$94K - $129K (Employer est.),Mid-level
IT project manager,ArcherGrey,Senior Project Manager,Remote,,Mid-level
IT project manager,Palo Alto Networks,"Sr Program Manager, Worldwide Operations","Santa Clara, CA",$106K - $173K (Employer est.),Mid-level
IT project manager,BAXTER,Sr Project Manager,"Deerfield, IL",$128K - $176K (Employer est.),Mid-level
IT project manager,Rapid7,"Lead Program Manager, Managed Services","Boston, MA",$139K - $192K (Glassdoor est.),Mid-level
IT project manager,Enterra Solutions,Senior Project Manager,"Princeton, NJ",$99K - $141K (Glassdoor est.),Mid-level
IT project manager,CACI,Engineering Project Lead,"McLean, VA",$103K - $216K (Employer est.),Mid-level
IT project manager,Comcast Corporation,Technical Project Manager 3,"Philadelphia, PA",$91K - $126K (Glassdoor est.),Mid-level
IT project manager,Choice Hotels,Technical Project Manager 3,"Scottsdale, AZ",$89K - $126K (Glassdoor est.),Mid-level
IT project manager,Barnard College,Senior IT Project Manager,United States,$110K - $115K (Employer est.),Mid-level
IT project manager,Integra LifeSciences,Sr Project Manager,"Plainsboro, NJ",$101K - $137K (Glassdoor est.),Mid-level
IT project manager,Adobe,"Senior Mgr, ACS Program Management (NonTech)","Lehi, UT",$131K - $251K (Employer est.),Mid-level
IT project manager,Hyundai Capital America,IT Project Portfolio Management Associate,"Newport Beach, CA",$64K - $96K (Employer est.),Mid-level
IT project manager,Symbotic,"Senior Manager, Technical Program Management",Remote,,Mid-level
IT project manager,"Draeger Medical Systems, Inc.",Senior Medical Device Software Project Manager,"Andover, MA",$76K - $116K (Glassdoor est.),Mid-level
IT project manager,Accelera,Project Manager II - Automation Systems,"Clayton, NC",,Mid-level
IT project manager,YouTube,"Technical Program Manager III, Video Infrastructure, YouTube","Mountain View, CA",$142K - $211K (Employer est.),Mid-level
IT project manager,Huntington Bank,Senior Project Manager,"Columbus, OH",$87K - $126K (Glassdoor est.),Mid-level
IT project manager,Regeneron,Senior GMP IT Project Manager,"Troy, NY",$104K - $199K (Employer est.),Mid-level
IT project manager,Upskilled Evolution,IT Program Manager/Business Development Manager,"Anchorage, AK",$120K - $150K (Employer est.),Mid-level
IT project manager,Clayton Careers,IT Project Manager II,"Maryville, TN",$74K - $99K (Glassdoor est.),Mid-level
IT project manager,Etna Interactive,Associate Project Manager (Remote),Arizona,$60K - $69K (Employer est.),Mid-level
IT project manager,Hewlett Packard Enterprise,Senior Technical Program Manager,"San Jose, CA",$102K - $235K (Employer est.),Mid-level
IT project manager,Refresco,Senior SAP Project Manager,"Tampa, FL",$130K - $140K (Employer est.),Mid-level
IT project manager,Lockheed Martin,Senior Program Manager,"Orlando, FL",,Mid-level
IT project manager,First Division Consulting,Program/Project II Manager,"Philadelphia, PA",$76K - $127K (Glassdoor est.),Mid-level
IT project manager,NFF Inc,Project Manager 2,"Washington, DC",$110K - $120K (Employer est.),Mid-level
IT project manager,Snowflake,Senior Technical Program Manager - Support Systems,Texas,,Mid-level
IT project manager,Absolute Business Solutions Corp,"Project Task Manager, Level III",Virginia,,Mid-level
IT project manager,State of Washington Office of the Secretary of State,IT Project Manager Sr/ Specialist,"Olympia, WA",$95K - $127K (Employer est.),Mid-level
IT project manager,Light & Wonder,Senior IT Project Manager,"Las Vegas, NV",,Mid-level
IT project manager,CGS Administrators,"IT Senior Project Manager-CGS Administrators, LLC (Nashville, TN)","Nashville, TN",$60K - $94K (Glassdoor est.),Mid-level
IT project manager,Molina Healthcare,Sr. Project Manager (IL ONLY) - REMOTE,"Downers Grove, IL",$70K - $136K (Employer est.),Mid-level
IT project manager,Corner Alliance,Senior Exercise Project Manager,Remote,$120K - $150K (Employer est.),Mid-level
IT project manager,CDK Global,"Senior Project Manager, Implementation","Houston, TX",$82K - $100K (Employer est.),Mid-level
IT project manager,Mr. Cooper,Sr Principal Project Management,"Dallas, TX",$136K - $192K (Glassdoor est.),Mid-level
IT project manager,Providence,Principal IS Project Manager,Texas,$49.05 - $100.26 Per Hour (Employer est.),Mid-level
IT project manager,Google,"Technical Program Manager III, Data Center Operations, Google Cloud","Moncks Corner, SC",,Mid-level
IT project manager,Fortune Brands,"Senior Program Manager, Hardware","Deerfield, IL",$125K - $155K (Employer est.),Mid-level
IT project manager,Rapid7,"Lead Program Manager, Managed Services",Remote,,Mid-level
IT project manager,Absolute Business Solutions Corp,Project Task Manager IV,Virginia,,Mid-level
IT project manager,General Dynamics Information Technology,Task Lead/ Project Manager,"Washington, DC",$149K - $201K (Employer est.),Mid-level
IT project manager,Intus Care,Senior Implementation Manager,Remote,$120K - $130K (Employer est.),Mid-level
IT project manager,Absolute Business Solutions Corp,"Project Task Manager, Level II",Virginia,,Mid-level
IT project manager,Sky Solutions,Deputy Program Manager,Remote,$100K - $130K (Employer est.),Mid-level
IT project manager,Oracle,Senior Manager-Program Management Infrastructure Delivery,United States,,Mid-level
IT project manager,"Unifin, Inc",Senior Information Systems Manager,Remote,$115K - $140K (Employer est.),Mid-level
IT project manager,ServiceNow,Senior Principal Technical Program Manager,"San Diego, CA",$214K - $375K (Employer est.),Mid-level
IT project manager,AAA Club Alliance,"Project Manager II, Enterprise PMO","Wilmington, DE",$98K - $133K (Glassdoor est.),Mid-level
IT project manager,AMERICAN SYSTEMS,Project Manager/Task Lead,"Washington, DC",$92K - $193K (Employer est.),Mid-level
IT project manager,"CF Industries Holdings, Inc.",Sr. IT Project Manager (Application Portfolio Management),"Northbrook, IL",$96K - $135K (Employer est.),Mid-level
IT project manager,CentralSquare Technologies,Project Manager II,United States,,Mid-level
IT project manager,White Plains Hospital,IT Project Coordinator & Availability Manager,"White Plains, NY",$73K - $101K (Glassdoor est.),Mid-level
IT project manager,Omnicell,Sr. Technical Program Manager,"Austin, TX",$119K - $160K (Glassdoor est.),Mid-level
IT project manager,Alpha Omega Integration,"Scrum Master, Project Manager",Virginia,$90K - $109K (Employer est.),Mid-level
IT project manager,Creative Global Consulting,Technical Scrum Master/Project Manager,"Washington, DC",$55.00 - $60.00 Per Hour (Employer est.),Mid-level
IT project manager,Uber,"Senior Project Manager, Legal","San Francisco, CA",$124K - $137K (Employer est.),Mid-level
IT project manager,Kenco Management Services LLC,Senior IT Project Manager,"Chattanooga, TN",$81K - $119K (Glassdoor est.),Mid-level
IT project manager,Microsoft,Customer Experience Program Manager II,"Redmond, WA",$98K - $209K (Employer est.),Mid-level
IT project manager,SYSTEMTEC,"IT Project Manager (On-Site 3 Days/Week in Columbia, SC)","Columbia, SC",$54.55 Per Hour (Employer est.),Mid-level
IT project manager,Raytheon,Senior Java Software Engineer / Scrum Master (Onsite),"Richardson, TX",$82K - $164K (Employer est.),Mid-level
IT project manager,ADP,"Sr. Manager, Implementation","Alpharetta, GA",$79K - $112K (Glassdoor est.),Mid-level
IT project manager,Confidential,Senior Project Manager,"Round Rock, TX",,Mid-level
IT project manager,Amazon.com Services LLC,"Technical Program Manager II, Application Security","Austin, TX",$99K - $142K (Glassdoor est.),Mid-level
IT project manager,YouTube,"Technical Program Manager II, Infrastructure Resource Management, YouTube","San Bruno, CA",$122K - $178K (Employer est.),Mid-level
IT project manager,Procore Technologies,Senior Technical Program Manager - Business Operations Systems,"Austin, TX",$169K - $232K (Employer est.),Mid-level
IT project manager,Cintas,PMO Project Manager - Level 2,"Mason, OH",$68K - $97K (Glassdoor est.),Mid-level
IT project manager,Arconic,ERP/Application Senior Project Manager/Scrum Master,"Norcross, GA",$92K - $128K (Glassdoor est.),Mid-level
IT project manager,Crystal Stairs,Information Technology (IT) Project Management & Application Development Manager,"Los Angeles, CA",$97K - $121K (Employer est.),Mid-level
IT project manager,Applied Materials,AR/VR Technical Project/Program Manager IV - (E4),"Austin, TX",$120K - $165K (Employer est.),Mid-level
IT project manager,Amentum,Project/Task Manager IV,Remote,,Mid-level
IT project manager,Dow Development Laboratories,Associate Project Manager,"Petaluma, CA",$58K (Employer est.),Mid-level
IT project manager,Nordstrom Inc,"Sr Program Manager, Inbound Integration - Hybrid - Seattle","Seattle, WA",$90K - $175K (Employer est.),Mid-level
IT project manager,Oracle,Principal/Sr Principal Technical Program Manager,United States,,Mid-level
IT project manager,EagleBank,Project Manager II,"Silver Spring, MD",$85K - $137K (Employer est.),Mid-level
IT project manager,Excellent Sources Unlimited (ESU),Associate Project Manager & Security Specialist (ERP - Odoo Platform),"Englewood Cliffs, NJ",,Mid-level
IT project manager,Ford Motor Company,Senior Staff Technical Program Manager,"Irvine, CA",$129K - $182K (Glassdoor est.),Mid-level
IT project manager,Amazon.com Services LLC,"Sr. Technical Program Manager, PMO","Sunnyvale, CA",$134K - $231K (Employer est.),Mid-level
IT project manager,Wolters Kluwer,Senior Technology Project & Program Manager,"Philadelphia, PA",$115K - $160K (Employer est.),Mid-level
IT project manager,Waypoint Talent,IT Project Manager in office and then hybrid 3 days/wk,"Dallas, TX",$100K - $125K (Employer est.),Mid-level
IT project manager,Tesla,"Manufacturing Technical Program Manager, Site Lead","Austin, TX",$95K - $147K (Glassdoor est.),Mid-level
IT project manager,"Amazon Data Services, Inc.","Manager, Technical Infrastructure Program Manager, Global Programs & PMO (Project Management Office)","Herndon, VA",$147K - $255K (Employer est.),Mid-level
IT project manager,Northrop Grumman,Senior Principal Electronics Engineer - Mission Systems Technical Project Manager,"San Diego, CA",$133K - $200K (Employer est.),Mid-level
IT project manager,Google,"Technical Program Manager Lead, Fiber Capacity Delivery","Addison, TX",,Mid-level
IT project manager,Sutter Health,"Project Manager IV, Integration Management Office","Sacramento, CA",$53.59 - $80.39 Per Hour (Employer est.),Mid-level
IT project manager,JPMorganChase,Technical Project Manager III - Financial Sector,"Houston, TX",$60K - $104K (Glassdoor est.),Mid-level
IT project manager,Global Healthcare IT,Senior Technical Project Manager,Remote,$63.42 - $67.91 Per Hour (Employer est.),Mid-level
IT project manager,"J. Paul Getty Trust, The",IT Project Manager Sr,"Los Angeles, CA",$113K - $150K (Employer est.),Mid-level
IT project manager,Sallie Mae,Senior Technical Program Manager,"Newark, DE",$120K - $157K (Glassdoor est.),Mid-level
IT project manager,Bright Horizons Family Solutions,Senior Delivery Manager (Hybrid),"Newton, MA",$80K - $136K (Glassdoor est.),Mid-level
IT project manager,"Red Hat, Inc.",Senior Project Manager - Technical,"Boston, MA",$128K - $211K (Employer est.),Mid-level
IT project manager,PM Solutions / PM College,Sr. IT Program Manager Pharma Manufacturing,Remote,$75.00 - $80.00 Per Hour (Employer est.),Mid-level
IT project manager,CDW,Senior Project Manager - Healthcare - Digital Velocity,Remote,$104K - $130K (Employer est.),Mid-level
IT project manager,City of Columbus,Senior Technology Project Manager (Vacancy),"Columbus, OH",$52.30 - $78.41 Per Hour (Employer est.),Mid-level
IT project manager,Community Transit,IT Project Manager III,"Everett, WA",$99K - $149K (Employer est.),Mid-level
IT project manager,Palo Alto Networks,Sr Technical Program Manager (InfoSec) - Santa Clara - HQ,"Santa Clara, CA",$176K - $245K (Glassdoor est.),Mid-level
IT project manager,CDK Global,Lead Technology Program Manager - Returnship,United States,$115K - $150K (Employer est.),Mid-level
IT project manager,"Information Technology Services, Office of",Technology Lead (Project Coordinator),"Albany, NY",$101K - $127K (Employer est.),Mid-level
IT project manager,Adobe,Principal Technical Program Manager,"Lehi, UT",$143K - $270K (Employer est.),Mid-level
IT project manager,"Akima, LLC",Sr Program Manager I,"Washington, DC",$151K - $198K (Glassdoor est.),Mid-level
IT project manager,MUNICIPAL SECURITIES RULEMAKING BOARD,Program Manager/ Scrum Master,"Washington, DC",$98K - $105K (Employer est.),Mid-level
IT project manager,Rivian and VW Group Technology,Sr. IT Project/Program Manager,"Palo Alto, CA",$173K - $216K (Employer est.),Mid-level
IT project manager,Tinker Federal Credit Union,Project Manager III,"Oklahoma City, OK",$102K (Employer est.),Mid-level
IT project manager,Snowflake,"Senior Program Manager, GTM & CLM, IT PMO","Dublin, CA",$130K - $182K (Glassdoor est.),Mid-level
IT project manager,FlexIT Inc,IT Project Manager II,"Portland, OR",$74K - $104K (Glassdoor est.),Mid-level
IT project manager,Great Minds,Senior IT Project Manager,"Washington, DC",$87K - $99K (Employer est.),Mid-level
IT project manager,ManTech,"Cyber Security Engineer, Principal/PM","Chantilly, VA",$127K - $173K (Glassdoor est.),Mid-level
IT project manager,Itexpertus,Senior Project Manager,Remote,$150K (Employer est.),Mid-level
IT project manager,Adobe,Principal Program Manager,California,$159K - $270K (Employer est.),Mid-level
IT project manager,Certinia,Senior Project Manager,Remote,,Mid-level
IT project manager,Microsoft,Senior Program Manager,"Redmond, WA",$117K - $250K (Employer est.),Mid-level
IT project manager,Datavail,Senior Project Manager,United States,,Mid-level
IT project manager,Michaels Stores,Staff Program Manager,"Irving, TX",$119K - $177K (Glassdoor est.),Mid-level
IT project manager,Cherokee Federal,Project Manager II,"Washington, DC",$94K - $126K (Glassdoor est.),Mid-level
IT project manager,Kapsch TrafficCom USA Inc.,"Project Manager, Deputy","Austin, TX",$90K - $133K (Glassdoor est.),Mid-level
IT project manager,Adobe,GenAI Senior Program Manager,"San Jose, CA",$124K - $228K (Employer est.),Mid-level
IT project manager,SimIS Inc.,Project Manager II (M),Remote,$145K (Employer est.),Mid-level
IT project manager,City of Columbus,Senior Technology Project Manager (Vacancy),"Columbus, OH",$52.30 - $78.41 Per Hour (Employer est.),Mid-level
IT project manager,Astreya Partners,Project Manager III,"Fremont, CA",$76K - $126K (Employer est.),Mid-level
IT project manager,Synergy BIS,Sr. Program Manager,Remote,$145K - $180K (Employer est.),Mid-level
IT project manager,Advantage Solutions,Sr Project Manager,"Chicago, IL",$83K - $119K (Glassdoor est.),Mid-level
IT project manager,CPMC LLC,Senior Project Manager,"Washington, DC",$107K - $147K (Glassdoor est.),Mid-level
IT project manager,Lennar,Sr Project Manager,"Bentonville, AR",$93K - $120K (Glassdoor est.),Mid-level
IT project manager,eSentio,Senior Project Manager,Remote,,Mid-level
IT project manager,Babson College,Senior Project Manager,"Wellesley, MA",$95K - $138K (Glassdoor est.),Mid-level
IT project manager,DraftKings,"Senior Associate Project Manager, Creative Operations","Boston, MA",$72K - $90K (Employer est.),Mid-level
IT project manager,Waymo,"Sr. Program Manager, Digital Transformation Services","Mountain View, CA",$145K - $184K (Employer est.),Mid-level
IT project manager,Johnson & Johnson,Staff Project Manager,"Cincinnati, OH",$105K - $165K (Employer est.),Mid-level
IT project manager,Hyundai Autoever America,10780 - Project Manager II,"Fountain Valley, CA",$92K - $131K (Employer est.),Mid-level
IT project manager,ManTech,"Cyber Security Engineer, Principal/Deputy Project Manager","Chantilly, VA",,Mid-level
IT project manager,gTANGIBLE Corporation,Information System Security Officer Support IT Project Manager,"Arlington, VA",$76K - $112K (Glassdoor est.),Mid-level
IT project manager,Amazon.com Services LLC,"Sr. Program Manager (PMO Delivery), Finance Operations (FinOps)","Arlington, VA",$104K - $185K (Employer est.),Mid-level
IT project manager,Zayo Careers,"Senior Program Manager, IT Financial Operations",United States,$99K - $120K (Employer est.),Mid-level
IT project manager,Brookfield Zoo Chicago,Business Integration Projects - Senior IT Project Manager,"Brookfield, IL",$112K (Employer est.),Mid-level
IT project manager,Arch Capital Group Ltd.,Sr. IT Project and Service Delivery Manager - End User Engineering (Hybrid),"Greensboro, NC",$101K - $153K (Glassdoor est.),Mid-level
IT project manager,GM Financial,Sr Project Manager - Enterprise Project Management Office (EPMO),"Fort Worth, TX",$81K - $117K (Glassdoor est.),Mid-level
IT project manager,Live Nation,Senior Project Manager,"Los Angeles, CA",$120K - $150K (Employer est.),Mid-level
IT project manager,Polaris Inc.,Senior Project Manager-Infrastructure,"Medina, MN",$109K - $130K (Employer est.),Mid-level
IT project manager,e-EMPHASYS TECHNOLOGIES INC,"Sr. Manager, Project Management",United States,,Mid-level
IT project manager,Photon,Project Management - Sr TPM,"Jersey City, NJ",$46K - $162K (Employer est.),Mid-level
IT project manager,Ethos Laboratories,IT Project Manager & Application Support Lead,"Newport, KY",$76K - $112K (Glassdoor est.),Mid-level
IT project manager,Cognite,Principal Implementation Project Manager,"Austin, TX",$83K - $127K (Glassdoor est.),Mid-level
IT project manager,Public Consulting Group,Sr Project Manager,United States,,Mid-level
IT project manager,Stevens Institute of Technology,Senior IT Project Manager,"Hoboken, NJ",$111K - $151K (Glassdoor est.),Mid-level
IT project manager,Fusion Risk Management,Sr Project Manager,United States,,Mid-level
IT project manager,Centene,Senior Technical Platform Owner,Missouri,$84K - $155K (Employer est.),Mid-level
IT project manager,Common Securitization Solutions,Project Management Lead,"Bethesda, MD",$157K - $181K (Employer est.),Mid-level
IT project manager,Peraton,Senior Program Manager,"Arlington, VA",$112K - $179K (Employer est.),Mid-level
IT project manager,Blue Yonder,Principal Program Manager,"Dallas, TX",$130K - $170K (Employer est.),Mid-level
IT project manager,WestRock,Sr. Project Manager,"Houston, TX",$89K - $128K (Glassdoor est.),Mid-level
IT project manager,SCHWAN'S,Senior IT Project Manager - Shared Services,Minneapolis-Saint Paul,$105K - $174K (Employer est.),Mid-level
IT project manager,JPMorganChase,Lead Technical Program Manager-Global Technology Transformation,"Plano, TX",$105K - $154K (Glassdoor est.),Mid-level
IT project manager,YouTube,"Technical Program Manager II, Infrastructure Resource Management, YouTube","Mountain View, CA",$122K - $178K (Employer est.),Mid-level
IT project manager,Shellpoint Mortgage Servicing,Senior Project Manager - Onsite,"Coppell, TX",$93K - $131K (Glassdoor est.),Mid-level
IT project manager,Collins Aerospace,Senior Project Manager (Onsite),"Richardson, TX",$82K - $164K (Employer est.),Mid-level
IT project manager,Vertex Education,Associate Project Manager,"Chandler, AZ",$55K - $72K (Glassdoor est.),Mid-level
IT project manager,ADP,Implementation Project Manager II,"El Paso, TX",$61K - $89K (Glassdoor est.),Mid-level
IT project manager,Mode Global,Senior IT Project Manager - Hybrid,"Dallas, TX",$115K - $130K (Employer est.),Mid-level
IT project manager,Datasite,Sr. EPMO Project Manager,"Minneapolis, MN",$82K - $138K (Employer est.),Mid-level
IT project manager,NASDAQ,Lead Project Manager/ Program Manager,"Colonia Juarez, CA",$95K - $134K (Glassdoor est.),Mid-level
IT project manager,University of Texas at Austin,"Senior Technical Project Manager, Infrastructure","Austin, TX",$103K - $152K (Glassdoor est.),Mid-level
IT project manager,ARGO,Project Manager II,"Richardson, TX",$87K - $114K (Glassdoor est.),Mid-level
IT project manager,Commonwealth of Pennsylvania,Senior Product Owner (Project Manager 2),"Harrisburg, PA",$86K - $131K (Employer est.),Mid-level
IT project manager,WellSpan Health Services,Project Manager Senior,"York, PA",$80K - $117K (Glassdoor est.),Mid-level
IT project manager,Cone Health,Project Manager IT Senior,"Greensboro, NC",,Mid-level
IT project manager,CALSTART,"Lead Project Manager, HVIP Operations",Remote,$85K - $97K (Employer est.),Mid-level
IT project manager,ActioNet,Deputy Program Manager,United States,,Mid-level
IT project manager,Simmons Bank,Senior IT Project Manager,"Dallas, TX",,Mid-level
IT project manager,FlexIT Inc,IT Project Manager III,"Portland, OR",$77K - $111K (Glassdoor est.),Mid-level
IT project manager,Jolera Inc.,Senior IT Project Manager,"Buffalo, NY",$80K - $116K (Glassdoor est.),Mid-level
IT project manager,Marcus & Millichap,Senior Project Manager - IT,"Seattle, WA",,Mid-level
IT project manager,The Fay Group,Senior Project Manager,"Farmers Branch, TX",$110K - $125K (Employer est.),Mid-level
IT project manager,Sia,Senior IT Project Manager,"Bellevue, WA",$122K - $129K (Employer est.),Mid-level
IT project manager,Lams Technology LLC,Scrum Master/Project Manager,"Lawrenceville, GA",$80K - $120K (Employer est.),Mid-level
IT project manager,Project Outlier,IT Project Manager (Senior Consultant),"San Diego, CA",$100K - $125K (Employer est.),Mid-level
IT project manager,Commonwealth of PA,Senior Product Owner (Project Manager 2),"Colonial Park, Dauphin, PA",$86K - $131K (Employer est.),Mid-level
IT project manager,Tamazari,Senior IT Project Manager,"Seattle, WA",$65.00 Per Hour (Employer est.),Mid-level
IT project manager,Konviere Corporation,Sr. IT Project Manager,"Kansas City, MO",$105K - $147K (Glassdoor est.),Mid-level
IT project manager,Protegrity,Agile Project Manager / Scrum Master for UI/UX & Product Teams 673,Connecticut,$149K - $184K (Employer est.),Mid-level
IT project manager,Moss,PMO Senior Project Manager,"Fort Lauderdale, FL",$81K - $113K (Glassdoor est.),Mid-level
IT project manager,Lenovo,Sr. Global Hospitality Program Manager,"Morrisville, NC",$90K - $115K (Employer est.),Mid-level
IT project manager,Emory Healthcare,"Sr. Project Manager, Enterprise Project","Atlanta, GA",$39.10 - $52.77 Per Hour (Employer est.),Mid-level
IT project manager,American College of Surgeons,Senior IT Project Manager,"Chicago, IL",$115K - $135K (Employer est.),Mid-level
IT project manager,FlexIT Inc,IT Project Manager III,"Portland, OR",$80K - $118K (Glassdoor est.),Mid-level
IT project manager,Photon,Sr. Technical Project Manager,"Tampa, FL",$44K - $154K (Employer est.),Mid-level
IT project manager,Avance Clinical,Senior Project Manager I,North Carolina,$125K - $140K (Employer est.),Mid-level
IT project manager,Nordic,Senior Consultant - Digital Program Manager - Healthcare,United States,,Mid-level
IT project manager,Atlassian,Senior Principal Technical Program Manager,"Mountain View, CA",$192K - $308K (Employer est.),Mid-level
IT project manager,DAVITA,Sr Project Manager,"Denver, CO",$100K - $147K (Employer est.),Mid-level
IT project manager,Holland America Line Inc,Sr. Project Manager,"Miami, FL",$68K - $116K (Glassdoor est.),Mid-level
IT project manager,Infinitive Inc,"Senior Consultant, Project Manager","Vienna, VA",$81K - $129K (Glassdoor est.),Mid-level
IT project manager,Brown & Brown Insurance,Senior Project Manager,"Dallas, TX",$85K - $123K (Glassdoor est.),Mid-level
IT project manager,Rivian,Staff Technical Program Manager,"Palo Alto, CA",$167K - $209K (Employer est.),Mid-level
IT project manager,Amherst Holdings,Senior Program Manager for Acquisitions & Resale,Remote,,Mid-level
IT project manager,Basin Electric Power Cooperative,"IT Project Manager II, III, or Sr","Bismarck, ND",$62K - $89K (Glassdoor est.),Mid-level
IT project manager,University of Rochester,IT Project Manager II,"Brighton, Monroe, NY",$77K - $116K (Employer est.),Mid-level
IT project manager,Newport Healthcare,Senior IT Project Manager,"Nashville, TN",$96K - $128K (Glassdoor est.),Mid-level
IT project manager,Pilot Company (SSC),Sr Project Manager,"Knoxville, TN",$88K - $122K (Glassdoor est.),Mid-level
IT project manager,GCyber,Project Execution Manager,"Arlington, VA",$85K - $126K (Glassdoor est.),Mid-level
IT project manager,Benesch Law,Sr. IT Project Manager,"Chicago, IL",$148K - $177K (Employer est.),Mid-level
IT project manager,Geisinger,Project Manager Associate,"Danville, PA",,Mid-level
IT project manager,Memorial Health System,Senior Project Manager,"Springfield, IL",$98K - $141K (Glassdoor est.),Mid-level
IT project manager,Seattle Colleges,IT Project Management - Senior,"Seattle, WA",$99K - $130K (Employer est.),Mid-level
IT project manager,Pierce Washington,Salesforce Senior Project Manager,Remote,,Mid-level
IT project manager,CAI,Sr. IT Program Manager,"Houston, TX",$95K - $135K (Glassdoor est.),Mid-level
IT project manager,"Draeger Medical Systems, Inc.",Senior Medical Device Software Project Manager,"Andover, MA",$76K - $116K (Glassdoor est.),Mid-level
IT project manager,Synovus,Enterprise Project Manager or Senior,"Columbus, GA",$75K - $113K (Glassdoor est.),Mid-level
IT project manager,The City University of New York (CUNY),IT Project Manager (IT Project Specialist 3) - Provisional,"New York, NY",$105K - $125K (Employer est.),Mid-level
IT project manager,Austin Industries,"IT Senior Project Manager (Dallas, TX) - Austin Industries","Dallas, TX",$87K - $130K (Glassdoor est.),Mid-level
IT project manager,Cross Catholic Outreach,Technical Project Manager II,Remote,$75K - $80K (Employer est.),Mid-level
IT project manager,Astreya Partners,Senior IT Program Manager,"San Carlos, CA",$100K - $166K (Employer est.),Mid-level
IT project manager,WEY Technology Inc.,Senior Technical Project Manager,"Washington, DC",$110K - $130K (Employer est.),Mid-level
IT project manager,"Intercontinental Exchange Holdings, Inc.",Technical Project Manager III,"Jacksonville, FL",$91K - $127K (Glassdoor est.),Mid-level
IT project manager,GFiber,"Senior Technical Program Manager, Integration","Mountain View, CA",$185K - $203K (Employer est.),Mid-level
IT project manager,SimIS Inc.,Oracle SaaS Sr. Project Manager (M),Remote,$140K (Employer est.),Mid-level
IT project manager,Point32Health,Project Manager II,"Canton, MA",$85K - $112K (Glassdoor est.),Mid-level
IT project manager,"Iridium Satellite, LLC",Senior Technical Project Manager,"Chandler, AZ",$108K - $146K (Glassdoor est.),Mid-level
IT project manager,Keurig Dr Pepper,Senior Project Manager - Technology,"Frisco, TX",$107K - $145K (Glassdoor est.),Mid-level
IT project manager,CulinArt Sector,Sr. Project Manager - New York,United States,$100K - $120K (Employer est.),Mid-level
IT project manager,Watermark Risk Management International,"IT Project Manager, Sr.","Quantico, VA",$73K - $109K (Glassdoor est.),Mid-level
IT project manager,ABA Centers of America,Senior IT Project Manager,"Fort Lauderdale, FL",$115K - $130K (Employer est.),Mid-level
IT project manager,The University of Pittsburgh,Project Manager II,"Pittsburgh, PA",$85K - $114K (Glassdoor est.),Mid-level
IT project manager,Motorola Solutions,Senior Project Manager,"Chicago, IL",$100K - $165K (Employer est.),Mid-level
IT project manager,Combined Insurance,"Project Manager, Sr","Chicago, IL",$108K - $140K (Employer est.),Mid-level
IT project manager,"Red Hat, Inc.",Senior Project Manager - Technical,"Raleigh, NC",$111K - $184K (Employer est.),Mid-level
IT project manager,Public Consulting Group,Sr Project Manager,United States,$85K - $110K (Employer est.),Mid-level
IT project manager,"Dycom Industries, Inc.",Senior IT Project Manager,"Palm Beach Gardens, FL",,Mid-level
IT project manager,ManTech,Staff IT Project Manager,"Stennis Space Center, MS",$102K - $131K (Glassdoor est.),Mid-level
IT project manager,Delta Dental of Michigan,Associate Project Manager,"Okemos, MI",,Mid-level
IT project manager,Jobility Talents Solution Company,Senior Program Manager,New Jersey,$60.00 Per Hour (Employer est.),Mid-level
IT project manager,HITACHI ENERGY USA INC,Senior Project Manager,"Mount Pleasant, PA",,Mid-level
IT project manager,Connection,Sr Program Manager,"Merrimack, NH",$133K - $173K (Employer est.),Mid-level
IT project manager,Argano,Oracle EPM Senior Project Manager,United States,,Mid-level
IT project manager,Applied Materials,Program Manager- Product Regulatory Compliance V (E5),"Austin, TX",$144K - $198K (Employer est.),Mid-level
IT project manager,Hitachi,Senior Project Manager,"Mount Pleasant, PA",$116K - $169K (Glassdoor est.),Mid-level
IT project manager,"DirectViz Solutions, LLC",Deputy Project Manager,"Kearneysville, WV",$90K - $130K (Glassdoor est.),Mid-level
IT project manager,Ideagen,Senior Project Manager,"Tampa, FL",$83K - $122K (Glassdoor est.),Mid-level
IT project manager,Global Payment Holding Company,Senior Project Manager,"Tempe, AZ",$81K - $117K (Glassdoor est.),Mid-level
IT project manager,The University of Chicago,Senior Project Manager,"Chicago, IL",$135K - $145K (Employer est.),Mid-level
IT project manager,Techolution,Sr Program Manager,"Ridgewood, NJ",$138K - $185K (Glassdoor est.),Mid-level
IT project manager,"Signature Performance, Inc",Project Manager III,United States,$135K - $150K (Employer est.),Mid-level
IT project manager,Genentech,Senior Project Manager (Contractor),"Hillsboro, OR",$60.00 - $70.00 Per Hour (Employer est.),Mid-level
IT project manager,University of Oklahoma,Senior Project Manager,"Oklahoma City, OK",$87K (Employer est.),Mid-level
IT project manager,Apple,"Manager, AppleCare IVR Support Programs","Austin, TX",,Mid-level
IT project manager,National Life Group,Senior Project Manager,"Montpelier, VT",$103K - $192K (Employer est.),Mid-level
IT project manager,Calance,Scrum Master/Project Manager,"Greensboro, NC",$100K (Employer est.),Mid-level
IT project manager,Fractal Analytics,Senior Program Manager,Ohio,$150K - $245K (Employer est.),Mid-level
IT project manager,Expedia Group,Senior Technical Program Manager,"Seattle, WA",$173K - $277K (Employer est.),Mid-level
IT project manager,Hawaii Medical Service Association,Senior Solutions Delivery Manager,"Honolulu, HI",$100K - $207K (Employer est.),Mid-level
IT project manager,"CE Wilson Consulting, LLC","IT Project Manager 2 (Independent Contractor - Full-time - Hybrid - Phoenix, AZ)","Phoenix, AZ",$62K - $97K (Glassdoor est.),Mid-level
IT project manager,hims & hers,"Sr. Technical Program Manager, Growth Engineering","San Francisco, CA",$170K - $185K (Employer est.),Mid-level
IT project manager,Information Technology Senior Management Forum,Sr. IT Program Manager,"Abbott, TX",$127K - $255K (Employer est.),Mid-level
IT project manager,Rivian,"Sr. Staff Technical Program Manager, Software","Palo Alto, CA",$213K - $266K (Employer est.),Mid-level
IT project manager,"Karmak, Inc.",Senior Technical Project Manager,"Carlinville, IL",$100K - $130K (Employer est.),Mid-level
IT project manager,Kaiser Permanente,Project Manager V,"Oakland, CA",$158K - $190K (Employer est.),Mid-level
IT project manager,Western Governors University,Project Manager V,"Salt Lake City, UT",$119K - $185K (Employer est.),Mid-level
IT project manager,Marken,IT PM / PMO LEAD,"Durham, NC",$114K - $164K (Glassdoor est.),Mid-level
IT project manager,Michael Foods Inc.,Sr. IT Project Manager,"Hopkins, MN",$90K - $126K (Glassdoor est.),Mid-level
IT project manager,"Universal Health Services, Inc. - Corporate Office",Senior Project Management Analyst - Healthcare IT,"King of Prussia, PA",$79K - $111K (Glassdoor est.),Mid-level
IT project manager,University of Florida,IT PROJECT MANAGER 2,"Gainesville, FL",$75K - $90K (Employer est.),Mid-level
IT project manager,Apple,"Senior Manager, Engineering Program Managment","Sunnyvale, CA",$173K - $301K (Employer est.),Mid-level
IT project manager,Alston & Bird,Senior Technology Project Manager,"Atlanta, GA",$83K - $120K (Glassdoor est.),Mid-level
IT project manager,Expeditors,"Project Manager III (Scrum Master) - TWMS, IS Operational Experience","Seattle, WA",$90K - $140K (Employer est.),Mid-level
IT project manager,Harvard University,Senior IT Project & Program Manager,"Cambridge, MA",,Mid-level
IT project manager,"Mythics, LLC",Project Manager 2,United States,,Mid-level
IT project manager,"Purisolve, Inc.",Non-Technical Project Manager II,"Washington, DC",$107K - $144K (Glassdoor est.),Mid-level
IT project manager,Anchorage School District,Technology Project Manager II,"Anchorage, AK",$78K - $102K (Employer est.),Mid-level
IT project manager,Google,"Technical Program Manager III, Data Center Operations, Google Cloud","Moncks Corner, SC",,Mid-level
IT project manager,Expeditors,"Project Manager II (Scrum Master) - TWMS, IS Operational Experience","Seattle, WA",$80K - $125K (Employer est.),Mid-level
IT project manager,Technoviz LLC,Project Manager II,"Madison, WI",$60.00 Per Hour (Employer est.),Mid-level
IT project manager,Erlanger Health System,IT - Senior Project Manager - Full Time,"Chattanooga, TN",$82K - $123K (Glassdoor est.),Mid-level
IT project manager,Autodesk,"Senior Technical Program Manager, AEC Solutions","San Francisco, CA",$130K - $210K (Employer est.),Mid-level
IT project manager,Sekon,Subject Matter Expert (SME) Information Technology (IT) Project Manager,"Reston, VA",$104K - $153K (Glassdoor est.),Mid-level
IT project manager,Novanta,"Senior Program Manager, Information Technology","Bedford, MA",$133K - $184K (Glassdoor est.),Mid-level
IT project manager,Palo Alto Networks,"Sr Manager, Technical Program Management (NetSec)","Santa Clara, CA",$205K - $244K (Employer est.),Mid-level
IT project manager,University of Miami,"Project Manager, IT Clinical Systems 2","Miami, FL",,Mid-level
IT project manager,Nuvance Health,Senior Project Manager,"Danbury, CT",$40.43 - $75.10 Per Hour (Employer est.),Mid-level
IT project manager,Camping World,Senior IT Infrastructure Project Manager,"Chicago, IL",$98K - $148K (Employer est.),Mid-level
IT project manager,Tek-Pal,Senior Project Manager,"Atlanta, GA",$160.00 - $180.00 Per Hour (Employer est.),Mid-level
IT project manager,Accertify,Senior Project Manager,"Itasca, IL",$120K - $145K (Employer est.),Mid-level
IT project manager,GE Vernova,Sr Staff Technical Project Manager – eCommerce,"Greenville, SC",$117K - $194K (Employer est.),Mid-level
IT project manager,State of New Mexico,IT Project Manager II (SOS #10117236),"Santa Fe, NM",$38.44 - $61.50 Per Hour (Employer est.),Mid-level
IT project manager,Equisoft,Senior Program Manager,"Philadelphia, PA",$134K - $174K (Glassdoor est.),Mid-level
IT project manager,The Cigna Group,IT Project Management Senior Advisor- Hybrid,"Atlanta, GA",$77K - $123K (Glassdoor est.),Mid-level
IT project manager,"Amazon Data Services, Inc.","Data Center Project Manager II, Critical Projects Implementation","Ashburn, VA",$104K - $144K (Glassdoor est.),Mid-level
IT project manager,Oracle,Program Manager 4-ProdDev,"Nashville, TN",$105K - $157K (Glassdoor est.),Mid-level
IT project manager,Business Staffing Solution,Project Manager/Consultant,"San Juan, PR",$62K - $83K (Employer est.),Mid-level
IT project manager,"Transcore, LP",Sr Project Manager,"Union, NJ",$110K - $146K (Glassdoor est.),Mid-level
IT project manager,QTS Data Centers,Project Manager III,"Ashburn, VA",,Mid-level
IT project manager,The Hanover Insurance Group,Sr Project Manager,"Worcester, MA",$95K - $132K (Glassdoor est.),Mid-level
IT project manager,CallMiner,Project Manager II,"Waltham, MA",$98K - $131K (Glassdoor est.),Mid-level
IT project manager,Accenture,Clinical Systems Delivery Consultant/Manager,"Austin, TX",,Mid-level
IT project manager,Benesch Law,Sr. IT Project Manager,"Cleveland, OH",$99K - $133K (Glassdoor est.),Mid-level
IT project manager,Booz Allen,"Project Manager, Lead","Adelphi, MD",$85K - $193K (Employer est.),Mid-level
IT project manager,Cardone Ventures LLC,Project Manager Lead,"Scottsdale, AZ",$100K - $115K (Employer est.),Mid-level
IT project manager,Tesla,"Sr. Technical Program Manager, Test Systems Engineering","Palo Alto, CA",$88K - $186K (Employer est.),Mid-level
IT project manager,Columbia University,Senior Program Manager,"New York, NY",$110K (Employer est.),Mid-level
IT project manager,Data Direct Networks,Staff Technical Program Manager - Infinia Distributed Platform,Remote,,Mid-level
IT project manager,Palomar Health,IT Project Manager II,"Escondido, CA",$93K - $125K (Glassdoor est.),Mid-level
IT project manager,Cetera Financial Group,Technical Project Manager/ Sr. Project Coordinator,"San Diego, CA",$120K - $150K (Employer est.),Mid-level
IT project manager,Amazon.com Services LLC,2025 MBA/Master's Level Opportunity - Sr. Program Manager Full-Time (United States),"Seattle, WA",$115K - $185K (Employer est.),Mid-level
IT project manager,Annexa Inc.,Child Welfare Information System Project Manager (Scrum Master),"Washington, DC",,Mid-level
IT project manager,Sotera Health,Sr. XBU Project Manager,"Oak Brook, IL",$83K - $124K (Glassdoor est.),Mid-level
IT project manager,Experlogix,Sr. Program Manager,"South Jordan, UT",$91K - $140K (Glassdoor est.),Mid-level
IT project manager,Starkey Laboratories,Project Manager II - Enterprise PMO,"Eden Prairie, MN",$94K - $137K (Employer est.),Mid-level
IT project manager,Parallon,Senior Project Manager II,"Nashville, TN",,Mid-level
IT project manager,agencyQ,Associate Project Manager,"Bethesda, MD",$85K - $105K (Employer est.),Mid-level
IT project manager,NBCUniversal,Staff Technical Project Manager,"Englewood Cliffs, NJ",$120K - $160K (Employer est.),Mid-level
IT project manager,EvergreenHealth,Sr. Epic Technical Project Manager,"Kirkland, WA",$121K - $193K (Employer est.),Mid-level
IT project manager,Emporia Energy,Program Manager Lead,"Boulder, CO",$150K - $175K (Employer est.),Mid-level
IT project manager,Oracle,"Principal Technical Program Manager, Infrastructure Delivery","Seattle, WA",,Mid-level
IT project manager,YouTube,"Technical Program Manager Lead, OTT, YouTube","San Bruno, CA",$214K - $305K (Employer est.),Mid-level
IT project manager,Bethpage Federal Credit Union,Project Manager II,"Bethpage, NY",$92K - $111K (Employer est.),Mid-level
IT project manager,Aimpoint Digital,Lead Technical Program Manager 2025- US,Remote,,Mid-level
IT project manager,Zones,Project Manager II,"San Francisco, CA",$85K - $110K (Employer est.),Mid-level
IT project manager,Navy Federal Credit Union,DoD SkillBridge Fellowship - MSO- Program Manager III,"Vienna, VA",$111K - $163K (Employer est.),Mid-level
IT project manager,Pentair,"Sr. Project Manager, IoT Products","Apex, NC",$96K - $177K (Employer est.),Mid-level
IT project manager,Amazon.com Services LLC,"Program Manager II, Regional Fleet Management","Honolulu, HI",$67K - $143K (Employer est.),Mid-level
IT project manager,University of Missouri Health Care,"PROJECT MANAGER II, HEALTH SYSTEM","Columbia, MO",$79K - $128K (Employer est.),Mid-level
IT project manager,Emergent LLC,Project Manager 2,United States,,Mid-level
IT project manager,HCA Healthcare,Associate Project Manager,"Kansas City, MO",,Mid-level
IT project manager,"SelectQuote, Inc.",Enterprise Project Manager III,"Overland Park, KS",$90K - $105K (Employer est.),Mid-level
IT project manager,Accolite Digitial,Senior Project Manager,"Ann Arbor, MI",$85K - $110K (Employer est.),Mid-level
IT project manager,TBN,PROGRAM MANAGER / SCRUM MASTER DCx,United States,,Mid-level
IT project manager,Capital One,Director Technical Program Management,"Richmond, VA",,Senior-level
IT project manager,General Dynamics Information Technology,Senior Capture Director Intelligence and Homeland Security,"Herndon, VA",$213K - $288K (Employer est.),Senior-level
IT project manager,Model N,"Associate Director, Project Manager",Remote,$146K - $156K (Employer est.),Senior-level
IT project manager,Firstsource Healthcare,Director - Project Management,Remote,,Senior-level
IT project manager,Sam Houston State University,Director of IT Project Management,"Huntsville, TX",$86K - $126K (Glassdoor est.),Senior-level
IT project manager,Vitech,"Director of Delivery Operations – Project Management, Operational Efficiency, Leadership",Remote,,Senior-level
IT project manager,Clinica Sierra Vista,"Director, Project Management - Kern","Bakersfield, CA",$115K - $177K (Employer est.),Senior-level
IT project manager,Orveon Global US LLC,Director of IT Project Management Office,"Columbus, OH",$96K - $140K (Glassdoor est.),Senior-level
IT project manager,Welfare Research Inc. d/b/a WRI Solutions,Assistant Director of IT Project Management,Long Island-Queens,$120K - $140K (Employer est.),Senior-level
IT project manager,American Endowment Foundation,"Associate Director, Project Manager","Hudson, OH",$61K - $88K (Glassdoor est.),Senior-level
IT project manager,Hawaii Pacific Health,"Director, Project Management Office - IT","Honolulu, HI",$75.50 Per Hour (Employer est.),Senior-level
IT project manager,Boston Medical Center,Senior Director IT Project Management Office,"Boston, MA",$128K - $181K (Glassdoor est.),Senior-level
IT project manager,"Paragon Consulting, Inc.","Director, Project Management","Cleveland, OH",$106K - $156K (Glassdoor est.),Senior-level
IT project manager,Mastercard,Director of Technical Program Manager,"O Fallon, MO",$138K - $230K (Employer est.),Senior-level
IT project manager,"Gerber Payroll Services, Inc.","Director, IT Project Management Office","Elmhurst, IL",$190K - $225K (Employer est.),Senior-level
IT project manager,Vertex Pharmaceuticals,Device Project Management Director,"Providence, RI",,Senior-level
IT project manager,"American Regent, Inc.","Director, Project Management & GxP Execution","Shirley, NY",$158K - $180K (Employer est.),Senior-level
IT project manager,Johnson & Johnson,Director of Product and Portfolio Management Project Heads,"Raritan, NJ",$160K - $276K (Employer est.),Senior-level
IT project manager,Fred Hutchinson Cancer Center,"Sr. Director, IT Project Management Office","Seattle, WA",$170K - $283K (Employer est.),Senior-level
IT project manager,Peraton,"Director, Technology Program Manager","Ashburn, VA",$146K - $234K (Employer est.),Senior-level
IT project manager,Sarah Cannon Research Institute,"Director, IT Project Management - Nashville, TN","Nashville, TN",$111K - $160K (Glassdoor est.),Senior-level
IT project manager,Concept Plus,Project Director/ Director of Information Technology,Remote,,Senior-level
IT project manager,Banyan Medical Solutions,Director of Project Management Office,United States,$100K - $140K (Employer est.),Senior-level
IT project manager,FORTNA,Senior Director IT Project and Portfolio Management,"Atlanta, GA",$150K - $203K (Glassdoor est.),Senior-level
IT project manager,Eisenhower Health,Director-Ambulatory Project Management and Optimization,"Rancho Mirage, CA",,Senior-level
IT project manager,Applied Materials,Technical Project/Program Management Director,"Santa Clara, CA",$180K - $248K (Employer est.),Senior-level
IT project manager,Duravant,IT Strategy and PMO Director,"Downers Grove, IL",$150K - $210K (Employer est.),Senior-level
IT project manager,The University of North Carolina Greensboro,Director of Technical Project Management,"Greensboro, NC",$92K - $145K (Glassdoor est.),Senior-level
IT project manager,Freedman Consulting,Project Director,"Washington, DC",$112K - $179K (Glassdoor est.),Senior-level
IT project manager,Capgemini,Engagement Director- Oracle Cloud SaaS Project Manager,"Atlanta, GA",$131K - $178K (Glassdoor est.),Senior-level
IT project manager,Walbridge,"Project Director, Data Centers",United States,,Senior-level
IT project manager,Vista Equity Partners Management,"Associate Director, Technology Program Management","Austin, TX",,Senior-level
IT project manager,Precision Neuroscience,"Sr. Manager / Director, Technical Program Management","Santa Clara, CA",$200K - $225K (Employer est.),Senior-level
IT project manager,SEIU 775 Benefits Group,Director of Project and Portfolio Management Office,"Seattle, WA",$117K - $160K (Employer est.),Senior-level
IT project manager,Comcast Corporation,"Director, Agile Portfolio/Program Management","Philadelphia, PA",$104K - $160K (Glassdoor est.),Senior-level
IT project manager,Peraton,"Director, Technology Program Management","Huntsville, AL",$146K - $234K (Employer est.),Senior-level
IT project manager,Alcon,"Sr. Director, Global Program Manager (Early Stage R&D - Intraocular Device)","Fort Worth, TX",$131K - $189K (Glassdoor est.),Senior-level
IT project manager,Capital One,"Senior Director, Program Management (Bank Modernization)","McLean, VA",,Senior-level
IT project manager,Western Carolina University,"Director, IT Project Management Office -","Cullowhee, NC",$63K - $94K (Glassdoor est.),Senior-level
IT project manager,ASM Global,Director of Project Management,"West Conshohocken, PA",,Senior-level
IT project manager,Blur PD,Technical Project Director,"Cary, NC",,Senior-level
IT project manager,DEPT OF YOUTH & COMM DEV SRVS,Senior Director of Project Management and Technology Services,United States,$91K - $235K (Employer est.),Senior-level
IT project manager,Emerson College,"Senior Director, Enterprise Systems & Project Management","Boston, MA",$148K - $188K (Employer est.),Senior-level
IT project manager,Cisco Systems,"Director, Technical Program Management - Silicon One (Software)","San Jose, CA",,Senior-level
IT project manager,Children's Healthcare of Atlanta,Strategy Project Director,"Brookhaven, DeKalb, GA",$83K - $125K (Glassdoor est.),Senior-level
IT project manager,Nordic,Senior Consultant - Healthcare Project Director - Remote,United States,,Senior-level
IT project manager,Gwinnett County Public Schools,Director Project Management Office - Division of Technology and Innovation,United States,$102K - $143K (Employer est.),Senior-level
IT project manager,Q2ebanking,"Director, Program Management","Austin, TX",$146K - $191K (Glassdoor est.),Senior-level
IT project manager,Information Technology Senior Management Forum,"Director, Project Management - Associate Experience Lead","McLean, VA",$200K - $228K (Employer est.),Senior-level
IT project manager,"Partner Therapeutics, Inc","Associate Director/Director, Site PM Office","Lynnwood, WA",$115K - $180K (Glassdoor est.),Senior-level
IT project manager,"Epiq Systems, Inc.","Director, Compliance Product Manager",United States,$136K - $271K (Employer est.),Senior-level
IT project manager,Salesforce,"Director, Technical Program Management (Customer Success)","Indianapolis, IN",$122K - $180K (Glassdoor est.),Senior-level
IT project manager,Vantage Data Centers,"Director, Power Generation Project Manager, NA","Ashburn, VA",$93K - $135K (Glassdoor est.),Senior-level
IT project manager,Cornell University,"Associate Director of Administrative Applications, Technology Services, ILR School - Hybrid","Ithaca, NY",$121K - $148K (Employer est.),Senior-level
IT project manager,"Competitive Range Solutions, LLC",Program Director,"Arlington, VA",,Senior-level
IT project manager,EMBER GROUP CONSULTING LLC,ERP Implementation Consultant/Solution Architect (Senior Director),"Charlotte, NC",$125K - $260K (Employer est.),Senior-level
IT project manager,"ProV International, Inc.",Salesforce Delivery Manager/Director,"Tampa, FL",$99K - $149K (Glassdoor est.),Senior-level
IT project manager,ServiceNow,"Marketing Technology Implementation Director (Adobe), Digital Experience Platform","Santa Clara, CA",$179K - $313K (Employer est.),Senior-level
IT project manager,DEPT OF HEALTH/MENTAL HYGIENE,"IT Project Management Assistant Director, Bureau of Enterprise Technology Business Solutions",Long Island-Queens,$75K - $139K (Employer est.),Senior-level
IT project manager,"Vision Technologies, Inc","Director, Project Management (Low-Voltage)","Glen Burnie, MD",$140K - $165K (Employer est.),Senior-level
IT project manager,Peraton,"Director, Technology Program Management","Huntsville, AL",$146K - $234K (Employer est.),Senior-level
IT project manager,Alcon,"Sr. Director, Global Program Manager (Early Stage R&D - Intraocular Device)","Fort Worth, TX",$131K - $189K (Glassdoor est.),Senior-level
IT project manager,Capital One,"Senior Director, Program Management (Bank Modernization)","McLean, VA",,Senior-level
IT project manager,Western Carolina University,"Director, IT Project Management Office -","Cullowhee, NC",$63K - $94K (Glassdoor est.),Senior-level
IT project manager,ASM Global,Director of Project Management,"West Conshohocken, PA",,Senior-level
IT project manager,Blur PD,Technical Project Director,"Cary, NC",,Senior-level
IT project manager,DEPT OF YOUTH & COMM DEV SRVS,Senior Director of Project Management and Technology Services,United States,$91K - $235K (Employer est.),Senior-level
IT project manager,Emerson College,"Senior Director, Enterprise Systems & Project Management","Boston, MA",$148K - $188K (Employer est.),Senior-level
IT project manager,Cisco Systems,"Director, Technical Program Management - Silicon One (Software)","San Jose, CA",,Senior-level
IT project manager,Children's Healthcare of Atlanta,Strategy Project Director,"Brookhaven, DeKalb, GA",$83K - $125K (Glassdoor est.),Senior-level
IT project manager,Nordic,Senior Consultant - Healthcare Project Director - Remote,United States,,Senior-level
IT project manager,Gwinnett County Public Schools,Director Project Management Office - Division of Technology and Innovation,United States,$102K - $143K (Employer est.),Senior-level
IT project manager,Q2ebanking,"Director, Program Management","Austin, TX",$146K - $191K (Glassdoor est.),Senior-level
IT project manager,Information Technology Senior Management Forum,"Director, Project Management - Associate Experience Lead","McLean, VA",$200K - $228K (Employer est.),Senior-level
IT project manager,"Partner Therapeutics, Inc","Associate Director/Director, Site PM Office","Lynnwood, WA",$115K - $180K (Glassdoor est.),Senior-level
IT project manager,"Epiq Systems, Inc.","Director, Compliance Product Manager",United States,$136K - $271K (Employer est.),Senior-level
IT project manager,Salesforce,"Director, Technical Program Management (Customer Success)","Indianapolis, IN",$122K - $180K (Glassdoor est.),Senior-level
IT project manager,Vantage Data Centers,"Director, Power Generation Project Manager, NA","Ashburn, VA",$93K - $135K (Glassdoor est.),Senior-level
IT project manager,Cornell University,"Associate Director of Administrative Applications, Technology Services, ILR School - Hybrid","Ithaca, NY",$121K - $148K (Employer est.),Senior-level
IT project manager,"Competitive Range Solutions, LLC",Program Director,"Arlington, VA",,Senior-level
IT project manager,EMBER GROUP CONSULTING LLC,ERP Implementation Consultant/Solution Architect (Senior Director),"Charlotte, NC",$125K - $260K (Employer est.),Senior-level
IT project manager,"ProV International, Inc.",Salesforce Delivery Manager/Director,"Tampa, FL",$99K - $149K (Glassdoor est.),Senior-level
IT project manager,ServiceNow,"Marketing Technology Implementation Director (Adobe), Digital Experience Platform","Santa Clara, CA",$179K - $313K (Employer est.),Senior-level
IT project manager,DEPT OF HEALTH/MENTAL HYGIENE,"IT Project Management Assistant Director, Bureau of Enterprise Technology Business Solutions",Long Island-Queens,$75K - $139K (Employer est.),Senior-level
IT project manager,"Vision Technologies, Inc","Director, Project Management (Low-Voltage)","Glen Burnie, MD",$140K - $165K (Employer est.),Senior-level
IT project manager,Capgemini,Engagement Director- Oracle Cloud SaaS Project Manager,"Atlanta, GA",$131K - $178K (Glassdoor est.),Senior-level
IT project manager,HRA/DEPT OF SOCIAL SERVICES,PROJECT DIRECTOR,Manhattan,$111K - $128K (Employer est.),Senior-level
IT project manager,HRA/DEPT OF SOCIAL SERVICES,"PROJECT DIRECTOR, IMAGING & ENTERPRISE DATA PROTECTION (EDP)","Brooklyn, NY",$111K - $128K (Employer est.),Senior-level
IT project manager,General Dynamics Information Technology,Senior Capture Director Intelligence and Homeland Security,"Herndon, VA",$213K - $288K (Employer est.),Senior-level
IT project manager,University of the District of Columbia,WDLL Pathway Director (IT),"Washington, DC",$73K - $81K (Employer est.),Senior-level